clone_id,process_condition,baseline_quality_score,process_quality_score,quality_score_gain,glycan_maturity,process_glycan_maturity,galactosylation_level,process_galactosylation_level,sialylation_capacity,process_sialylation_capacity,mannose_retention_risk,process_mannose_retention_risk,aggregation_propensity,process_aggregation_propensity,product_quality_consistency,process_quality_consistency,quality_response,stress_penalty,pred_late_qp,pred_qp_drop,pred_late_agg,pred_rescue_score,pred_rescue_label,is_aggressive,is_super,quality_pass,quality_risk_flag,production_score,combined_quality_utility,combined_quality_utility_guarded,obj_productivity,obj_stability,obj_quality,obj_risk_safety,obj_rescue_value,is_pareto,weighted_multiobj_score,pareto_rank,candidate_archetype
CLONE_1502,stress_minimized,0.9269553181740434,1.128323881351315,0.2013685631772716,0.9607785774942948,1.0,0.6720092012288843,0.6883622192588468,0.7778119059142365,0.7968148185851542,0.1978786753774372,0.1372436625471607,0.1377120151006046,0.0528229971382175,1.0,1.0,0.7127002566055298,-0.0639124922671107,2.711176723141549e-08,0.3813733635193206,9.583126621241991,0.5988218948822377,1,0,0,True,PASS,-0.7839907752535307,-0.0190649126115923,-0.0190649126115923,0.0005175155395622319,0.7962145340944788,0.9011375279528074,0.9224881723746573,0.5988218948823277,True,0.5829379588133977,14.0,Risk-safe
CLONE_1074,stress_minimized,-0.3207800122573784,-0.061981902979528,0.2587981092778503,0.5518163190206363,0.619199522806763,0.4518934085837168,0.470647182907817,0.3905176542058306,0.4145176542058306,0.3022394908608845,0.2348562870747577,0.3605809169997683,0.2662444316991909,1.0,1.0,0.8476640757225344,-0.1061556229325942,1.613794307091543e-07,0.3152300515208484,8.278448279406952,0.5869468851267324,1,0,0,True,PASS,0.3635564562651322,0.1933411125672681,0.1933411125672681,0.02487140146682257,0.8932958443738822,0.5341135940274702,0.7956441566299084,0.5869468851268207,True,0.4976902998288591,78.0,Stability-led
CLONE_0643,stress_minimized,0.271275992796159,0.5122425386006453,0.2409665458044863,0.8435827674570275,0.8977437525545537,0.7041808717852911,0.7192032419745085,0.9494224337346424,0.9681268543166262,0.4957570860730811,0.4415961009755548,0.4697154185440286,0.3938900394074918,0.8470626698463878,0.9120558519634192,0.5832197019505251,-0.1496793637994343,1.7799739038484538e-06,0.5336334291808685,6.340006173360644,0.4329671893667803,0,0,0,True,PASS,2.869520152044597,1.926609106667016,1.926609106667016,0.3184570954478913,0.5727360563612733,0.7111723937738861,0.6592771304344883,0.4329671893668454,True,0.5300657268519514,58.0,Mixed
CLONE_4067,stress_minimized,-0.5465645711341754,-0.3087859700914503,0.237778601042725,0.6734563934114257,0.7258561015869609,0.2314241457942749,0.250485137861088,0.700143031925286,0.7182690201644295,0.2937913208952209,0.2413916127196856,0.450517854828525,0.3771582633827757,0.4715783000465072,0.5344579498571495,0.5479941635107046,-0.127072012671165,1.5725825085265547e-06,0.591753741292262,7.905017136311523,0.486386620198454,0,0,0,True,PASS,1.5497090341985202,0.806311032482532,0.806311032482532,0.2808397998672447,0.48743043916217876,0.45801298121635636,0.7477467565669043,0.4863866201985272,True,0.4570419486015866,89.0,Mixed
CLONE_4843,stress_minimized,0.8032002857622483,1.0618323588736145,0.2586320731113661,0.8771356123761114,0.9349285812010446,0.8258508061863897,0.8429561052779577,0.7404814397690174,0.7612470489318387,0.2179154915748161,0.1601225227498828,0.1900901047674922,0.1091799484125855,0.824788967027938,0.894140529617858,0.6558593764986655,-0.107160310263896,7.29739360038093e-08,0.3561482244089398,3.1128931857850723,0.3937074700746866,0,0,0,True,PASS,1.1976513412817869,1.143323748318518,1.143323748318518,0.008836138190241056,0.8332385276446137,0.8806352499048438,0.8901747062931631,0.3937074700747458,True,0.5623543124136551,28.0,Risk-safe
CLONE_0030,stress_minimized,0.3152999522592261,0.4902915008095915,0.1749915485503653,0.7808396294563467,0.8313966346726811,0.4086415181774367,0.4250785454214576,0.7687349663811809,0.7845998122453316,0.0,0.0,0.3861695676363969,0.3153897603335286,0.7696255596412174,0.8302939659008187,0.5111401043266899,-0.1265762717752359,1.3419771807999753e-07,0.3336464162825793,3.1505623305984365,0.366940755885456,0,0,0,True,PASS,1.4977840347678586,1.0947870211845516,1.0947870211845516,0.0199410979854649,0.8662653742079255,0.704403917681547,0.8713796687002476,0.36694075588551117,True,0.5227374095511996,65.0,Risk-safe
CLONE_4616,stress_minimized,-0.0817570290900367,0.1443570230288894,0.2261140521189261,0.829638811001643,0.8846953672608006,0.5875626716935782,0.6033542618154981,0.6822511885850189,0.6988605740067269,0.5851031530406579,0.5300465967815003,0.5439585969778291,0.4668794182150085,0.9693790049149148,1.0,0.6011311251831508,-0.1072330784738604,2.3293673807412977e-07,0.3356499947122853,7.664887969300855,0.5927514331722026,1,0,0,True,PASS,0.5298998745981729,0.3756827339704595,0.3756827339704595,0.03785068818180628,0.863324638201118,0.5977370136079375,0.5934397039568013,0.5927514331722917,True,0.48174548640749926,82.0,Stability-led
CLONE_4629,stress_minimized,0.998246778026738,1.1651522311315687,0.1669054531048306,1.0,1.0,1.0,1.0,0.326150729696796,0.3485658722244266,0.1495225205121332,0.0897983329779727,0.155125514557114,0.0715116520092894,0.7484856425627882,0.8201546676037806,0.6944837506832087,-0.0873731186411091,3.692393119244699e-08,0.3474548692071799,4.01236314225121,0.3898078172476751,0,0,0,True,PASS,0.9478989738293246,1.0348002767502222,1.0348002767502222,0.0022972763219948223,0.8459981293066927,0.9124933375223004,0.9342155443186274,0.3898078172477337,True,0.5771252565110796,17.0,Risk-safe
CLONE_1145,stress_minimized,0.322898613615756,0.550100500129519,0.227201886513763,0.8180894108749956,0.8800879651826009,0.6112602227764695,0.6287016662052348,1.0,1.0,0.3711187531220588,0.3091201988144535,0.5403934036797696,0.4535954276491222,1.0,1.0,0.739971086152105,-0.0856704232424916,9.17841026684706e-08,0.2993541026179964,3.6641637442098296,0.2800658209554899,0,0,0,True,PASS,1.5290959331329683,1.1374977599315887,1.1374977599315887,0.012247984656906265,0.9165976397459271,0.7228456781967898,0.6889539582404308,0.280065820955532,True,0.4990550187270726,77.0,Stability-led
CLONE_4258,stress_minimized,0.4324885594445782,0.6738706847314322,0.241382125286854,0.7373806715991049,0.7911047621031838,0.8287196519865805,0.8461854991601913,0.7831722057604456,0.8011981811312531,0.1146053544275444,0.0608812639234654,0.6568191801018957,0.5816054533961852,0.8570521219930457,0.9215210305979404,0.5744818100815784,-0.1515700493215911,5.530059649358514e-07,0.6249193287615783,9.920198668778802,0.3570817756134817,0,0,0,True,PASS,-1.5359335703971833,-0.652011868345737,-0.652011868345737,0.09590583890027511,0.4387519168683185,0.7610095018572761,0.7379849797597922,0.35708177561353543,True,0.4531804350333876,90.0,Quality-led
CLONE_0469,stress_minimized,0.2448467694647124,0.4789871049335731,0.2341403354688607,0.9122906716988792,0.9640676657127186,0.7939420469085038,0.8113060146682874,0.6079724901508471,0.6272597740972589,0.3926244949754789,0.3408475009616395,0.4243335423305838,0.3518457507112086,0.4986622814689813,0.5607946742855885,0.5355398802767876,-0.1331212817459784,1.8976204207896885e-07,0.34179506888409,11.258060776078617,0.53139642418466,0,0,0,True,PASS,-0.55078392574914,-0.1388755134760547,-0.1388755134760547,0.030019527692559934,0.8543052553740728,0.700918272312363,0.7175100566833685,0.53139642418474,True,0.5158626283816525,74.0,Stability-led
CLONE_0080,stress_minimized,0.8204982639521936,1.1064708236071716,0.285972559654978,0.9275350887147086,0.9918005262011468,0.8166853600377305,0.8342959694229877,0.7276374652218809,0.7503680856523474,0.2381914929314558,0.1739260554450177,0.1578289964888979,0.0678573840078846,0.7499169775096655,0.8270355024933911,0.7853087497287607,-0.0572897491570695,4.1304046608883856e-08,0.3187772405048468,2.9291147131874222,0.3190646570730971,0,0,0,True,PASS,1.4584213229645546,1.3176411232216014,1.3176411232216014,0.003091755263812588,0.8880894864826537,0.8943992634436906,0.9013973502109291,0.31906465707314513,True,0.5692613079755511,23.0,Risk-safe
CLONE_1091,stress_minimized,0.6855909841923279,0.8594612382030107,0.1738702540106828,1.0,1.0,0.4124299442775502,0.4274866938502463,0.6420842297672824,0.6606508621808511,0.0885220472233461,0.0312956439181887,0.133916926046729,0.0537999614195087,0.8515505021819177,0.9202221861481066,0.644528066103147,-0.0702898149995888,2.8003409984632927e-08,0.3575137857224457,7.285515282225741,0.5738027032194579,0,0,0,True,PASS,-0.0016692510551964,0.3427829446480864,0.3427829446480864,0.0006792444721829005,0.8312342360907665,0.8182352802506934,0.9652968284730832,0.5738027032195443,True,0.5731842352153985,18.0,Risk-safe
CLONE_2324,stress_minimized,0.3171099530260124,0.5451922748756234,0.2280823218496109,0.7212866208386025,0.7756739501459806,0.7940268557886873,0.8123021515322828,0.2681879061581563,0.2880116664604297,0.0370680617742398,0.0,0.3419362339135222,0.2657939728831928,0.6698033794792884,0.735068174648142,0.5877465861475617,-0.1445517460717674,1.962758247362828e-07,0.3041896940556336,5.74635418943803,0.3549089233940697,0,0,0,True,PASS,1.1863283996807763,0.9298739497587152,0.9298739497587152,0.03120101782713349,0.9095002395922649,0.7213322552049917,0.8916055206942641,0.3549089233941231,True,0.5408251375113929,48.0,Stability-led
CLONE_3602,stress_minimized,0.2054399788997327,0.4170756359358565,0.2116356570361237,0.8451298978383613,0.891885955269532,0.7820402183576254,0.7998845289715826,0.4567735947689187,0.4701853951265964,0.3392840660264085,0.2925280085952378,0.429405002767021,0.363946522363382,0.6761749713540389,0.7322822402714437,0.4351211486234133,-0.1341400359774593,4.196199148648734e-07,0.3483582442025503,10.202267603943104,0.6173120611566917,1,0,0,True,PASS,0.1946485454387574,0.2836193816375971,0.2836193816375971,0.07171186275161723,0.8446722079765628,0.6818282273795706,0.7322805547889217,0.6173120611567845,True,0.5324783465997072,56.0,Stability-led
CLONE_1371,stress_minimized,0.7960609140655378,0.9928695635914384,0.1968086495259007,1.0,1.0,0.7797943116870059,0.7982232536735936,0.6223692650725501,0.6463692650725501,0.0880618777223356,0.0244058568289557,0.3780933941207838,0.288974964870052,0.6820728498186289,0.7584600748906848,0.7731204178675972,-0.091494826798519,6.791834791961246e-08,0.3275403075992024,3.7297100694099616,0.3417962852357144,0,0,0,True,PASS,1.2433538526620258,1.143160137033791,1.143160137033791,0.007919139917472574,0.8752275657550371,0.8593709691190613,0.8721989418195135,0.34179628523576583,True,0.5572734672025181,32.0,Stability-led
CLONE_3822,stress_minimized,-0.0338963470094515,0.2295755493651372,0.2634718963745888,0.8105665404102514,0.869477689400641,0.5597114461535165,0.5772257170473258,0.4299319457672137,0.4506141017419607,0.2461506709587786,0.187239521968389,0.5402137460703907,0.4577381374838454,0.737290655867097,0.8079840346555643,0.6782229798077901,-0.1145224287980958,3.169119592561457e-07,0.2425305150518889,3.335837688787441,0.1493946412904045,0,0,0,True,PASS,2.5569816974361768,1.626019238207761,1.626019238207761,0.05308237468331709,1.0,0.6240136554515565,0.7369691389094024,0.14939464129042698,True,0.49741296123333734,80.0,Stability-led
CLONE_3239,stress_minimized,0.7210993253631016,0.9492228383188436,0.228123512955742,0.8916898411783957,0.946335606566072,1.0,1.0,0.3135496226137909,0.333439047445155,0.0671546090509632,0.0125088436632868,0.4872995371910964,0.4107954656483495,0.7980524773583516,0.8636273958235632,0.5929153077535264,-0.1194136638366059,1.1510777100279659e-07,0.3221363545841887,6.582143327944546,0.4608331194963703,0,0,0,True,PASS,0.6481669327313129,0.7685892949663252,0.7685892949663252,0.016478504078387114,0.8831591740089143,0.8459127527318226,0.8273706145478577,0.4608331194964396,True,0.5632424783400773,27.0,Stability-led
CLONE_1861,stress_minimized,0.8041334323600229,1.0506361260628578,0.2465026937028349,0.8351352776248022,0.8901608215781801,0.9674216090718486,0.9850043007783936,0.5434398341023,0.5610804748557161,0.1157095951140644,0.0606840511606865,0.3392529632596308,0.2622172017249017,0.8489689207634753,0.9149995735075288,0.6005108790675571,-0.1090337151592708,3.0625361481186266e-08,0.3504202159629481,4.261325153516972,0.3912359964935162,0,0,0,True,PASS,0.8461957391126276,0.9279718938927196,0.9279718938927196,0.001154822180172557,0.841645765631747,0.8771829559939491,0.8683163775535097,0.39123599649357504,True,0.5573423950612724,31.0,Quality-led
CLONE_1591,stress_minimized,1.202800124456237,1.3751782492720632,0.1723781248158262,1.0,1.0,0.9045935310584402,0.9216006204039692,1.0,1.0,0.2388832695199298,0.1794119606921272,0.1750638329479205,0.0918040005889969,0.8818398426910167,0.9532054132843796,0.689426176556051,-0.1100868109687013,2.718107011828022e-07,0.3571622108537792,4.642762837058293,0.406233400619736,0,0,0,True,PASS,1.241457910692822,1.2949460461245184,1.2949460461245184,0.04490176837913242,0.8317502572557218,0.977253650728653,0.8893943584063451,0.4062334006197971,True,0.5981664884699789,7.0,Quality-led
CLONE_3290,stress_minimized,0.3269958278806805,0.5616413352063682,0.2346455073256876,0.77966074201384,0.8314811110749794,0.8180430391628268,0.8351375833221009,0.9135774824267836,0.9340731879875216,0.3342156759047973,0.2823953068436579,0.3894316776550963,0.3168831609695011,0.5059871200201863,0.5681715628935536,0.5364073812227884,-0.1450173738285979,8.042182062891282e-07,0.4113942770666858,4.352387003759505,0.393076520674585,0,0,0,True,PASS,2.1093649008188677,1.4902754745738678,1.4902754745738678,0.1414714956711136,0.7521515814707848,0.7264042282319556,0.7556059049303818,0.3930765206746441,True,0.5271213598605016,61.0,Risk-safe
CLONE_4625,stress_minimized,0.2800458252082038,0.4711499681707225,0.1911041429625187,0.9947724715524164,1.0,0.7528433107907112,0.7691997970589457,0.6260503872104789,0.6462543214536809,0.4397761764228873,0.3795424799671535,0.6554959763486699,0.5711688013106426,0.8152641373902999,0.8875445731371804,0.7046739291146753,-0.110515151828403,5.537450196275659e-06,0.3579097053829755,8.834886556306435,0.9999999999988496,1,0,1,True,PASS,12.06360846405099,7.426625065698883,7.426625065698883,0.9999998186168932,0.8306531282168442,0.698501736323647,0.6122867152089887,0.999999999999,True,0.8325990125905969,1.0,Rescue-value
CLONE_0531,stress_minimized,-0.2342040702131461,-0.0083995690817068,0.2258045011314393,0.7832430237468447,0.8331875198030331,0.7319605696102843,0.7496817955675875,0.3182520571212891,0.334781615066243,0.3949193090574786,0.3449748130012902,0.583469141504991,0.5135468470263272,0.5407075188417585,0.6006409141091845,0.4988899211237675,-0.1361750320060955,7.531469540356756e-07,0.4040891730500763,11.341511379110129,0.534095251423219,0,0,0,True,PASS,0.2284597591606996,0.133716027863737,0.133716027863737,0.13220803327572353,0.7628735887037483,0.5506353981176142,0.6498829251019709,0.5340952514232994,True,0.48078794116049584,84.0,Stability-led
CLONE_2806,stress_minimized,0.9941213426609992,1.1589964772742725,0.1648751346132733,0.9271655683171788,0.9799569586632962,1.0,1.0,0.3485802673593277,0.3645796661090821,0.0,0.0,0.2766189229204905,0.202710976435926,0.7818274655660269,0.8451771339813678,0.5558278069223493,-0.0855200406148204,1.0324505942000653e-07,0.4067159110322821,4.252139551273362,0.3514047639338417,0,0,0,True,PASS,0.5842873214993316,0.814170983809308,0.814170983809308,0.014326808597939894,0.7590182153127226,0.9105952462698488,0.9173316441227742,0.3514047639338945,True,0.5564907202211943,34.0,Risk-safe
CLONE_2358,stress_minimized,0.0885366367386694,0.3417627388523128,0.2532261021136434,0.7262844957678223,0.7820620817505413,0.6237057693660902,0.6437464876998354,0.7468567522087706,0.7668953513082167,0.2335010190143572,0.1777234330316382,0.4516525370510204,0.3735639166752138,0.6202695347507668,0.6872026379300296,0.6155517196543787,-0.1345070680820716,4.67545331273147e-07,0.3143944140018362,5.801222306527843,0.4048211800426153,0,0,0,True,PASS,1.7084078307456707,1.1617497939883277,1.1617497939883277,0.08040472366832678,0.8945223445719098,0.6586059292719834,0.7751773504451351,0.4048211800426762,True,0.5244360889039137,63.0,Stability-led
CLONE_3146,stress_minimized,0.1151845162321702,0.3704295903996061,0.2552450741674358,0.6779263380428433,0.7356107740068554,0.5972968681669506,0.611896210201363,0.6645950868690582,0.6845869220678638,0.3626546105376305,0.3049701745736183,0.239256880103779,0.158498669754162,0.9066139973998552,0.9758353205566695,0.6536887192802424,-0.1084559595202574,5.510729524711625e-07,0.3248821008615645,5.745677550163638,0.4274491474116852,0,0,0,True,PASS,1.832100041278878,1.2474318609271693,1.2474318609271693,0.09555522309419302,0.879129127156882,0.6674451878613685,0.8109909584841546,0.4274491474117495,True,0.5357472478387746,52.0,Stability-led
CLONE_4839,stress_minimized,0.7084486972286808,0.957289922764946,0.2488412255362652,0.8174126989655518,0.8728260290282034,0.8753091521083688,0.8932018517689059,0.6200785172627069,0.6386604270673353,0.0617399381896385,0.0063266081269869,0.2395852677309521,0.1620066056432399,0.5765551459234843,0.6430511419986662,0.608266601253031,-0.0977419170174661,9.744087432972357e-08,0.3974184098483694,6.064276506147012,0.4445509626751195,0,0,0,True,PASS,0.1698212240903069,0.4848087035601626,0.4848087035601626,0.013274027474561722,0.7726645473451947,0.8484001917644582,0.9313513739286199,0.4445509626751864,True,0.5547729680093337,38.0,Risk-safe
CLONE_0734,stress_minimized,0.5774074265871015,0.8030561956053425,0.2256487690182409,0.8321183102338297,0.8818498878756968,0.7514371466286669,0.7698546800224288,0.9354040557648658,0.9518968907153832,0.279561549454468,0.2298299718126008,0.1340171193156841,0.06439291061707,0.5101067079041935,0.5697846010744342,0.4946315528373436,-0.1413061326664568,3.036067173659716e-07,0.4052087250731339,7.0850314761151,0.5376990437019912,0,0,0,True,PASS,0.3112598690771835,0.507978399688447,0.507978399688447,0.05066902857424721,0.7612303752927401,0.8008431101882245,0.880011815938308,0.5376990437020721,True,0.5534292379388317,40.0,Risk-safe
CLONE_0654,stress_minimized,0.6450240672151544,0.8318406929192854,0.186816625704131,0.906265692451276,0.9651509874880888,0.4498484652828984,0.4654134436813489,0.5096458086289813,0.5287180533199873,0.0,0.0,0.1717513095690805,0.0893118965175426,0.9559541339516802,1.0,0.6777059007362551,-0.0959825026936586,2.663843021475453e-07,0.3525657138560559,4.086183066978245,0.417580294798043,0,0,0,True,PASS,1.4091857629525648,1.178247734939253,1.178247734939253,0.04391751126407245,0.8384967284823914,0.8097186441722636,0.963577366281811,0.4175802947981058,True,0.5695988945408481,22.0,Risk-safe
CLONE_0231,stress_minimized,0.3362961514258948,0.5920032562421136,0.2557071048162188,0.6762488510955155,0.7337516066391143,0.7386290604446925,0.7549282689808299,0.8990911107789512,0.917984523168032,0.3894763909089677,0.3319736353653688,0.2615680573819657,0.1810641996209272,0.9138334814433708,0.9828367880956896,0.650055110871978,-0.1149714362854824,1.968748527448736e-07,0.2955119916635477,2.8906996161098646,0.2711396160527892,0,0,0,True,PASS,1.9977675870786185,1.4354618547440163,1.4354618547440163,0.03130967138831557,0.9222368669697671,0.735766151736624,0.7907760345945827,0.27113961605283,True,0.5235121795390745,64.0,Stability-led
CLONE_2179,stress_minimized,-0.1823444238275435,0.0368435729010011,0.2191879967285447,0.8133801869559402,0.8621953600890262,0.5055179614946947,0.5209246397540016,0.7335620422962629,0.7506084614687974,0.2650898077782586,0.2162746346451726,0.7054869707631114,0.6371457283767911,0.5114171889792466,0.5699953967389497,0.4763034626617194,-0.1118707633883156,1.730617633883955e-07,0.3577215008969445,8.718475708453246,0.6787452616353934,1,0,0,True,PASS,-0.0482149038044781,-0.0141915131222864,-0.0141915131222864,0.026990379261365906,0.8309293638263459,0.5645858604040518,0.6519633049793383,0.6787452616354955,True,0.48109847355514224,83.0,Stability-led
CLONE_4119,stress_minimized,0.5987083332320297,0.8317665775542138,0.2330582443221841,0.8533704792932566,0.905116277372683,0.862518065190951,0.8791219350284469,0.5915015841570969,0.6104316124326786,0.2009674973890842,0.1492216993096578,0.2001716484776551,0.1277275311664581,0.542802756840334,0.6048977145356456,0.5349159615885273,-0.133403740270015,4.431578743821606e-07,0.333860552094779,3.722193628999589,0.3840073552972247,0,0,0,True,PASS,2.0466283512416688,1.5606836417666867,1.5606836417666867,0.07598125097359612,0.8659510781045406,0.8096957911262556,0.8870562514795042,0.38400735529728247,True,0.5698677119462047,20.0,Risk-safe
CLONE_0427,stress_minimized,-0.1879686766930921,0.0536817890090697,0.2416504657021618,0.6754920807744541,0.7289060322341957,0.5517698797003019,0.5694445441462828,0.412664232095526,0.4332601977644559,0.199842930596921,0.1464289791371794,0.3304398113643348,0.2556602793206965,0.4586885814854743,0.5227853232371642,0.5682790291948321,-0.1205431307895638,1.990665482493411e-07,0.3029613076780262,5.727151741451746,0.3463056615445444,0,0,0,True,PASS,1.2070030199442108,0.7456745275701543,0.7456745275701543,0.031707207927796216,0.9113031937453658,0.5697778273739028,0.8360224073849686,0.34630566154459647,True,0.4942511852330927,81.0,Stability-led
CLONE_0150,stress_minimized,0.8012024971911142,1.01940782208358,0.2182053248924658,0.9571679097208882,1.0,0.9001922862810698,0.917413275317274,1.0,1.0,0.0704088408406317,0.0162116711385446,0.6054062249118273,0.5295301873289054,0.4690510438254118,0.5340876474679163,0.5839433940417404,-0.1124928840484947,8.481546226374224e-08,0.4458309665572964,8.807021624174174,0.5804117834326962,0,0,0,True,PASS,-0.9420079279513652,-0.1574416279373871,-0.1574416279373871,0.010983991011012592,0.7016074094838928,0.867553888297925,0.7774388789097164,0.5804117834327834,True,0.5351621614542994,53.0,Quality-led
CLONE_1834,stress_minimized,-0.5831442724432324,-0.3345631105824243,0.2485811618608081,0.5180307723529319,0.5738569527916915,0.5552072792784164,0.5711104148201539,0.4442249949983785,0.4630617455152625,0.3335630234671098,0.2777368430283502,0.7222712266279232,0.6441145740136598,0.8718447718032638,0.9388361883297752,0.6165236087751913,-0.134468204507011,3.20313264245127e-07,0.3107735847442294,6.87037967324155,0.4701034550854516,0,0,1,True,PASS,1.1241308471574902,0.5406532640615244,0.5406532640615244,0.053699313948959465,0.8998367873780788,0.4500647483900646,0.6240561692817754,0.4701034550855223,True,0.44921210965863834,91.0,Stability-led
CLONE_3249,mild_temp_shift,0.9461069126745284,1.1029567687749644,0.1568498561004361,0.8791550213742594,0.9422433749483315,0.6337019297336657,0.659170565358266,0.721443807964249,0.7433981211869914,0.0,0.0,0.0,0.0,0.8094540311538536,0.8725423847279258,0.7617670714814435,-0.0646121511390665,1.911849503480225e-07,0.3230568128219704,3.1033733132847527,0.3387678560253555,0,0,0,True,PASS,1.7197230454447785,1.473016534776853,1.473016534776853,0.030277619214910984,0.8818081788881471,0.8933157248727417,1.0,0.33876785602540643,True,0.5926506383628287,9.0,Risk-safe
CLONE_3269,stress_minimized,0.8359274748365987,1.0676882848426823,0.2317608100060836,0.9655935735291435,1.0,0.663426899498918,0.6807422640299987,0.9245321899396104,0.9446533948361528,0.1132573839242405,0.0532984050246109,0.3642519980190731,0.2803094275595916,0.8202452891802393,0.8921960638597948,0.6991795779925916,-0.0963384615658616,2.253633287405869e-07,0.3256902681688782,3.109497286918599,0.352782702509728,0,0,0,True,PASS,1.7754446629432352,1.492342111703014,1.492342111703014,0.03647699966878518,0.8779429461395056,0.8824408909545938,0.8639500854251073,0.35278270250978105,True,0.5720126949319293,19.0,Quality-led
CLONE_0492,stress_minimized,0.5972526836906977,0.7963206453950853,0.1990679617043875,0.7111093204842527,0.7739188631461159,0.6214500319296236,0.6414800386836673,0.6147477038993009,0.6357644293832619,0.0196166657731073,0.0,0.1838235702938664,0.0958902105672579,1.0,1.0,0.7561908532372641,-0.1109038415211179,4.787079966920183e-08,0.4921879207577922,8.015059446367884,0.4962929180331087,0,0,0,True,PASS,-1.1723159649299058,-0.3848613207999092,-0.3848613207999092,0.0042828533346447135,0.6335673655494377,0.7987662420692394,0.9608946383087359,0.4962929180331834,True,0.5214533771772195,66.0,Risk-safe
CLONE_2827,stress_minimized,0.7445486723241677,0.9859343800775624,0.2413857077533947,0.7875846359195237,0.8409803120067346,0.8222156196867109,0.84105558651878,0.7272196681400963,0.7450630611199084,0.0861403430827157,0.0327446669955047,0.1481075837298145,0.0733536372077191,0.6534481772191314,0.7175229885237846,0.5679135217442197,-0.1084316972891845,9.740044501706297e-08,0.3116774218552336,9.482412713404234,0.5429677246110757,0,0,0,True,PASS,-0.067898614926283,0.3536345830752552,0.3536345830752552,0.013266694280230706,0.8985101877814715,0.8572325452205435,0.9567316357305662,0.5429677246111574,True,0.5957966999662001,8.0,Risk-safe
CLONE_0486,stress_minimized,0.1912965942044922,0.4521820661599825,0.2608854719554903,0.8021729704358551,0.8604560683318814,0.7483286584568538,0.7658708445860832,0.5232581643521873,0.5437253699911736,0.2088335602792759,0.1505504623832496,0.5453956501110367,0.4637993130566,0.6638048391036164,0.733744556578848,0.665661957920525,-0.1166848247648796,5.337091567490032e-07,0.434315728030729,7.542963697462566,0.5619692427042215,0,0,0,True,PASS,0.491193251251387,0.4755887772148252,0.4755887772148252,0.09240572388247976,0.7185088075324945,0.6926530929700353,0.7494596160400404,0.561969242704306,True,0.5132026185901883,76.0,Mixed
CLONE_0894,stress_minimized,0.5551288772513712,0.7202688019900609,0.1651399247386897,1.0,1.0,0.3651072491504793,0.3837626166836884,0.7188469383576711,0.741368781596021,0.2106465613791328,0.1438694037646839,0.2353055768343834,0.141817556174155,0.9965556795716918,1.0,0.835543152288977,-0.0752956895950156,2.0149199712064209e-07,0.3182436754540512,3.729970881873194,0.3354484629537501,0,0,1,True,PASS,1.6164562377988705,1.257981263475347,1.257981263475347,0.03214714337914828,0.8888726222629081,0.7753160941188306,0.8834928838637814,0.33544846295380054,True,0.5473164698709809,45.0,Stability-led
CLONE_3826,stress_minimized,0.7633448988509896,0.9481658852173608,0.1848209863663711,1.0,1.0,0.8558240972435606,0.8739248929417365,0.6714616651216914,0.6925397039568219,0.3581505823829416,0.2984020295186178,0.2698517775321924,0.186203803522139,0.809879480178205,0.8815777436153935,0.6949710572864761,-0.1047765110907825,2.299848279246098e-07,0.3134092750623793,6.640102207133029,0.4562744894477078,0,0,0,True,PASS,0.959575462163282,0.9550116313849136,0.9550116313849136,0.03731526154826804,0.8959682742685048,0.8455868473297088,0.8023710004738909,0.4562744894477765,True,0.5677680441664699,25.0,Stability-led
CLONE_4059,stress_minimized,0.3376854565415853,0.5937287652285628,0.2560433086869774,0.8859791631255425,0.9429155323334096,0.670088334705166,0.688752801529194,0.5570848955308456,0.5763288901684136,0.1723193014086288,0.1153829322007617,0.5279970180715111,0.4482861011804973,0.7496601629285988,0.8179838059780392,0.6387273841573404,-0.1301032243622598,6.450693283284838e-07,0.3596568677425796,5.178674573066878,0.4483226374999663,0,0,0,True,PASS,1.9277973056672597,1.394169889491781,1.394169889491781,0.11260457776315715,0.8280887448193945,0.7362982024958213,0.7701279276148985,0.44832263750003376,True,0.5438251258090195,47.0,Stability-led
CLONE_3505,stress_minimized,-0.1057238365556939,0.1586067464367793,0.2643305829924732,0.5377633749930953,0.5966766515865872,0.7597974660105521,0.7784654186094709,0.4908809112198909,0.5109059480537987,0.3367877166579811,0.2778744400644891,0.3653861688862454,0.2829075816553567,0.8195275055150552,0.8902234374272455,0.6782655318698384,-0.1371452119634182,7.327663661177201e-07,0.4188683237229574,8.896097966640836,0.6473358442579552,1,0,0,True,PASS,0.7068989546836151,0.4875820713848808,0.4875820713848808,0.12851133892335118,0.7411816100472643,0.60213083376017,0.771305291128427,0.6473358442580526,True,0.51775181022157,70.0,Risk-safe
CLONE_3007,stress_minimized,0.9888907056975008,1.2106886025077117,0.2217978968102107,0.8906837643799657,0.9442380021915516,0.7045010378206844,0.7200595505976033,0.8823120059265562,0.8985461087132388,0.1334964375292423,0.0799421997176563,0.0518119820878752,0.0,0.8985081983848959,0.962773283758799,0.5710847562317187,-0.0722005471040312,2.7234500476572538e-08,0.2478110846525194,6.409448945579114,0.2649184625043692,0,0,0,True,PASS,1.0602274548935762,1.1204119139392303,1.1204119139392303,0.0005397772768608243,0.9922494867529066,0.9265342154035693,0.9673984589682227,0.26491846250440904,True,0.6018469994802061,5.0,Stability-led
CLONE_0430,stress_minimized,0.562047439733124,0.7345561507566115,0.1725087110234875,0.8198872571383522,0.8698054881321876,0.6021811649926825,0.6190654414176122,0.4557146849248836,0.4695058675757693,0.0,0.0,0.136504680813745,0.0666191574223754,0.7285956141160107,0.7884974913086131,0.4983646198767077,-0.0950150446743438,3.4671223661521146e-08,0.4552857489726205,10.18893917349064,0.4865346761988759,0,0,0,True,PASS,-1.487559910354729,-0.5987134859101928,-0.5987134859101928,0.0018886732316107824,0.6877302291983407,0.7797215158337311,0.9728317809382432,0.48653467619894913,True,0.5276212615282154,60.0,Risk-safe
CLONE_2233,stress_minimized,-0.3902994605933805,-0.128225761767219,0.2620736988261615,0.5535623490328301,0.6116113821803351,0.349156524702043,0.3684431249888012,0.8750272285549385,0.8961649902701893,0.1943955768982277,0.1363465437507227,0.5210807675148204,0.4398121211083134,0.5914060040775933,0.6610648438545992,0.6609806629500985,-0.1104497914549062,2.3030332012240877e-07,0.280284708935894,5.2030867213457865,0.2514852982476248,0,0,0,True,PASS,1.5869361553658312,0.9008713885126112,0.9008713885126112,0.03737303065255579,0.944586587818788,0.5136876816520876,0.7650344821689059,0.25148529824766264,True,0.4684548493226484,86.0,Stability-led
CLONE_1633,stress_minimized,1.064658329444568,1.2330788187988075,0.1684204893542396,1.0,1.0,0.6390288931878214,0.6549213173473373,0.8229607835920153,0.8440230759780819,0.0539100769946855,0.0,0.1753146750017035,0.0887015755481903,0.9482640150013184,1.0,0.7373299921930451,-0.075161468482434,4.6686055410410875e-08,0.3461455950244842,4.5693371521428015,0.3869137353845531,0,0,0,True,PASS,0.8348560309673965,0.9941451460999609,0.9941451460999609,0.00406796074037271,0.8479198058803428,0.9334381096572774,0.9638262636626083,0.3869137353846113,True,0.5874291899003521,11.0,Risk-safe
CLONE_1875,stress_minimized,0.1995368926297677,0.4518862324702235,0.2523493398404558,0.5613732244198905,0.6175180384290857,0.8383663769437224,0.8557842666431889,0.7609939107266046,0.7817118371281169,0.1609045361500943,0.1047597221408991,0.3495034518219929,0.2709007122091196,0.5574612915931214,0.6248350684041557,0.6228962801839042,-0.0900647776256845,1.0749131020902268e-07,0.323825074689004,5.756256911741428,0.3996380384864261,0,0,0,True,PASS,0.8332390923044726,0.6806979483707729,0.6806979483707729,0.015097006757762524,0.88068056875742,0.6925618743554304,0.8468004494780939,0.3996380384864862,True,0.5207895556380331,67.0,Stability-led
CLONE_4614,stress_minimized,0.3313058482771567,0.5393262627694008,0.208020414492244,0.873510774970321,0.9195270639456876,0.711134827001813,0.7265179749845796,0.8038887649182757,0.8209915113904165,0.351529248809767,0.3055129598344003,0.2696553165868326,0.2052325120213193,0.4542792838061047,0.5094988305765447,0.4203257795073323,-0.131946969573243,1.6981792017096356e-07,0.3320626827374909,6.9686123787452,0.5244647713725149,0,0,0,True,PASS,0.5957379080542318,0.5731732499402994,0.5731732499402994,0.026402000901029333,0.8685898862870027,0.7195235041529334,0.7917108921657424,0.5244647713725938,True,0.5327225645280634,55.0,Stability-led
CLONE_2759,stress_minimized,0.1164890509361999,0.351392660747202,0.234903609811002,0.786109856012962,0.838664846200093,0.522533011685306,0.5370755901203468,0.8689368098736505,0.889308340222132,0.3352991129376747,0.2827441227505438,0.3737947137785646,0.3002177275165813,0.6927894755301358,0.7558554637546929,0.551099803742618,-0.1443121028898255,8.089824881223129e-07,0.2835891631867545,10.860109545151994,0.4487983031652836,0,0,1,True,PASS,1.3978916751923525,0.9792920694142924,0.9792920694142924,0.14233565591108038,0.9397365018654373,0.6615752602319627,0.762260048527951,0.4487983031653511,True,0.55526064980013,37.0,Stability-led
CLONE_0678,stress_minimized,0.6905864331599523,0.9184905921325912,0.2279041589726388,0.6448808998189737,0.7083364616419446,1.0,1.0,0.801271517939314,0.8233825547655015,0.1233160950332309,0.0598605332102599,0.4547370948876092,0.3658993083354498,0.99509802477002,1.0,0.7691112364594197,-0.0947631878520971,1.9096023337753673e-07,0.315996763730515,3.199302507583319,0.3271475969346299,0,0,0,True,PASS,1.7479838254366422,1.4161865321150215,1.4161865321150215,0.030236859352682225,0.8921705087401998,0.8364366415996053,0.8263692143466281,0.32714759693467915,True,0.5532844617992081,41.0,Stability-led
CLONE_0545,stress_minimized,-0.0922623751687758,0.1203201979597957,0.2125825731285716,0.560571155703175,0.6243813687757276,0.5071001888174355,0.5256457172225623,0.3849946712002528,0.4051701929432687,0.3583988586598348,0.2945886455872822,0.043139459450362,0.0,1.0,1.0,0.7762042614510518,-0.0746283800528464,5.18130042798206e-08,0.3372528771872027,8.43345108755363,0.6526037367651408,1,0,0,True,PASS,-0.0925620600227709,-0.0074091568297442,-0.0074091568297442,0.0049979026540577015,0.8609720204354326,0.5903253970199416,0.8798626526349101,0.652603736765239,True,0.5185148957100497,69.0,Risk-safe
CLONE_1361,stress_minimized,0.1307170053203084,0.3953743156498671,0.2646573103295587,0.916943050249644,0.9765293725579592,0.3722018383716927,0.3881207512696218,0.4569463345672982,0.477873336711648,0.2790424576282829,0.2194561353199676,0.2301513905441174,0.146730539312476,0.765042821245036,0.8365464080150142,0.6917264461663046,-0.0784195993703514,1.658457914373905e-07,0.2990419383357655,3.412391288517401,0.2855900512001941,0,0,0,True,PASS,1.7647254572462243,1.2169850006076814,1.2169850006076814,0.025681523851230445,0.917055816341954,0.6751367502418575,0.8506639804698425,0.28559005120023706,True,0.5160584101747243,73.0,Stability-led
CLONE_2520,stress_minimized,0.4282314124061278,0.6602496661735161,0.2320182537673882,0.8695367187347902,0.923365770666385,0.5556091039197467,0.5725982490878496,0.4246048177222581,0.442763376944756,0.0446582702734462,0.0,0.1679831719789513,0.0926224992747184,0.58825260638454,0.6528474687024539,0.5765810386318971,-0.0905963310533162,1.574354175885765e-07,0.3468004867984718,8.358085849720133,0.676298762794645,1,0,0,True,PASS,0.0934697171960532,0.3201816967870384,0.3201816967870384,0.024156024114254764,0.8469585937851367,0.7568095392249794,0.9622272564273264,0.6762987627947467,True,0.5778048755411223,16.0,Risk-safe
CLONE_1973,stress_minimized,0.1651443624184357,0.4331675168539165,0.2680231544354808,0.6763269914986869,0.7360710989989013,0.9062741202229104,0.9261887301849936,0.3430690515508952,0.3613055105868395,0.3146811360881825,0.254937028587968,0.4131437665108275,0.3295020160105273,0.8465180772400493,0.9182110062403068,0.694882150004289,-0.0954727585932841,1.6859908186075058e-07,0.3250476285361645,7.526826472173838,0.5525379993165725,0,0,0,True,PASS,0.5009635480733372,0.4738451355855689,0.4738451355855689,0.02618092422179135,0.8788861752536262,0.68679006619154,0.7616576281320129,0.5525379993166557,True,0.5248314730166151,62.0,Stability-led
CLONE_4926,stress_minimized,-0.6135192801973297,-0.3670677726423588,0.2464515075549708,0.640088420969906,0.6950245646907453,0.4807118358032083,0.498644856697143,0.6209110046322757,0.6384465191578422,0.5013344850482928,0.4463983413274536,0.762829499431131,0.6859188982219561,0.8469356674056915,0.9128590398706986,0.5987228744167845,-0.1315696876921567,2.854333433972426e-07,0.3339720127942938,7.253460669763193,0.5578851008839174,0,0,0,True,PASS,0.7687082946046411,0.3143978677058411,0.3143978677058411,0.047372685545076614,0.8657874825659047,0.4400421230300967,0.5382252793075748,0.5578851008840013,True,0.43390213491876445,92.0,Stability-led
CLONE_3750,stress_minimized,0.6181727805040191,0.8587223329639888,0.2405495524599696,0.8707760042702355,0.9246932850386684,0.8207016933141218,0.8362817096664423,0.4293669726763988,0.4480416868877983,0.1055547139919856,0.0516374332235526,0.3659241421043486,0.2904399490285424,0.8105114803885285,0.875212217310648,0.5783456153686596,-0.1413069350612451,2.7289844680236757e-07,0.329779718420214,3.495504296776484,0.3643229682564478,0,0,0,True,PASS,1.751341644675836,1.394293919991097,1.394293919991097,0.04509906705887867,0.8719406886666521,0.8180074430754112,0.8604960852600669,0.36432296825650257,True,0.5579264282345071,29.0,Stability-led
CLONE_3867,stress_minimized,-0.2537759858280565,-0.0047016809718098,0.2490743048562467,0.8580052467035792,0.9136252579176676,0.6883063119423947,0.7046417965047426,0.3650040603897442,0.3855777865708226,0.5313283266217561,0.4757083154076678,0.6176715906252904,0.5398035749255667,0.6596615798869868,0.7264055933438928,0.6124002242817663,-0.1243592692967363,2.198853564285173e-07,0.3177118127442607,9.35063978981359,0.5723930354918119,0,0,0,True,PASS,0.1977550381130176,0.1167723504790866,0.1167723504790866,0.03548338803255564,0.889653259445945,0.5517756206210889,0.5858601254670701,0.572393035491898,True,0.4716378958234782,85.0,Stability-led
CLONE_4292,stress_minimized,0.398036283842075,0.6606002290032805,0.2625639451612054,0.7894826541099548,0.8480952735412267,0.5928158824570972,0.6108079111534054,0.9062355018862208,0.9265094553837242,0.3928216054308019,0.33420898599953,0.174850310537989,0.0927926433342083,0.9017022029486332,0.9720373462661596,0.6722523886254379,-0.1210738263052726,9.937740377513104e-08,0.3052416949901428,2.6095948923090084,0.2901127246952656,0,0,0,True,PASS,1.7762045983302583,1.3299628505994674,1.3299628505994674,0.013625281201532651,0.9079561737441612,0.7569176332547336,0.825862796013543,0.29011272469530924,True,0.5277989192945378,59.0,Stability-led
CLONE_3019,stress_minimized,0.4199162513864888,0.6810789430033023,0.2611626916168135,0.8270541426436898,0.8852311044030163,0.6284953685725075,0.6475943603838059,0.599093499535075,0.6177863867076689,0.0790164191027027,0.0208394573433761,0.447075860843455,0.3656281143803978,0.8160157526229934,0.8858281067341853,0.6635392351865312,-0.0987956210909653,1.600871192367255e-07,0.3151500805144077,5.551037616870922,0.367636525300817,0,0,0,True,PASS,1.0718298866225888,0.9155295091748742,0.9155295091748742,0.02463699799716482,0.8934132211706444,0.7632321267848523,0.8423931485310233,0.36763652530087226,True,0.5400044001392321,50.0,Stability-led
CLONE_2532,stress_minimized,0.2524385598125751,0.4802400268142595,0.2278014670016843,0.8564384663169882,0.9073549417315464,0.6912948679951623,0.7062521248221123,0.4401146699403818,0.458525056978586,0.1459377599434261,0.0950212845288678,0.399054639078464,0.3277715734980824,0.5086541260491755,0.5697538965466453,0.518329508291165,-0.1340712148121566,4.154495424558302e-07,0.3951606741201421,9.759465063305086,0.6029312871846917,1,0,0,True,PASS,-0.0558281166223775,0.1585991407522773,0.1585991407522773,0.07095542764808338,0.7759783206676736,0.7013046035590091,0.8275791914959819,0.6029312871847824,True,0.5362384507605875,51.0,Risk-safe
CLONE_1045,stress_minimized,0.7581708870080933,0.9820217746915142,0.2238508876834208,0.7831874410236298,0.8439938085740248,0.7684848572287278,0.7840302766478702,0.6429220754214987,0.6641445536149202,0.0470731790994329,0.0,0.2842800225250496,0.1991511079544964,0.9883663063210436,1.0,0.7161273510079011,-0.121783910588782,2.625069160708122e-07,0.3381070609683286,6.778769718409024,0.5292279497852448,0,0,0,True,PASS,0.8089945561118006,0.8782054435436861,0.8782054435436861,0.04321421893170561,0.8597182991114531,0.8560261158814707,0.9187834080068674,0.5292279497853244,True,0.5896547606517326,10.0,Risk-safe
CLONE_1116,stress_minimized,0.3701752481119252,0.5393539990780237,0.1691787509660984,1.0,1.0,0.3818898385147097,0.400467409110284,0.7955989441265141,0.8146328075482404,0.1142761142911038,0.060323022784996,0.4595466556410346,0.3840123275324837,0.6379946190495721,0.7027383288569014,0.5790618301221551,-0.141311309083426,5.611351998094915e-07,0.4515278998178941,8.806874992346915,0.6019483120005802,1,0,0,True,PASS,0.0929124188694832,0.2714890509528994,0.2714890509528994,0.097380344776527,0.6932457818483442,0.7195320564839708,0.8187938634862834,0.6019483120006708,True,0.5307601846466292,57.0,Risk-safe
CLONE_3527,stress_minimized,0.7285199342843935,0.987790237404668,0.2592703031202744,0.9230036864124728,0.9811921738655266,0.6216180622944424,0.6373812438841584,0.7424043138704843,0.7640309346178751,0.0957893972064729,0.037600909753419,0.215223351765001,0.1337594693307255,0.7517071401052134,0.8215333250488781,0.6637697490610772,-0.1285382332927206,1.7471966931984502e-07,0.3375823171323432,8.556851263463722,0.6575534363044637,1,0,0,True,PASS,0.1510078501787086,0.4857208050690924,0.4857208050690924,0.027291095389783113,0.8604884876251411,0.8578047881399388,0.9301168538060786,0.6575534363045626,True,0.6000090948783159,6.0,Risk-safe
CLONE_3186,stress_minimized,0.8860469304655966,1.0619242405349676,0.175877310069371,0.9625496802787364,1.0,0.9287748836303272,0.949483440074036,0.5696469235225521,0.5874308970077098,0.0,0.0,0.6602337933828144,0.5773437471576329,0.919343982398593,0.9903925934487484,0.6841435175025918,-0.0935783988525279,2.7382799464663066e-07,0.3491351174695895,4.626384910312626,0.4039974562302507,0,0,0,True,PASS,1.3114181986026627,1.2116206153755846,1.2116206153755846,0.04526767133467191,0.8435319585332488,0.8806635810859984,0.764551189123178,0.40399745623031147,True,0.5575350123700588,30.0,Quality-led
CLONE_4878,stress_minimized,0.1834805132907097,0.3586501816701129,0.1751696683794031,1.0,1.0,0.6000166776156896,0.6181287959939505,0.4365445026236249,0.4570318434238031,0.126983344217133,0.0708289512541345,0.6649896731322107,0.5863735229840128,0.4935669980455026,0.5609522696011008,0.6230878592599693,-0.1116016541620243,4.417262871405833e-06,0.4523477838376789,10.140636893686418,0.7769582994418042,1,0,0,True,PASS,8.46844953142908,5.224529791525493,5.224529791525493,0.7968167615767611,0.6920424037211697,0.6638130750142959,0.7319836893939222,0.7769582994419211,True,0.7309001613241167,2.0,Balanced
CLONE_1245,stress_minimized,0.2422814090122785,0.5046978399293203,0.2624164309170417,0.9288869140017306,0.9871981049430892,0.7555783801986626,0.7753637291084465,0.5208526750366755,0.539576450104773,0.4694929715017671,0.4111817805604086,0.4854085643383775,0.4037728970204756,0.8466954200217378,0.916668849151368,0.6662238188271702,-0.1225080474197851,3.905047355405187e-07,0.3384785284419698,6.048450574808818,0.4830595060376056,0,0,0,True,PASS,1.2861944854245824,0.9735958272264776,0.9735958272264776,0.0664308610744366,0.85917308073672,0.7088460293866143,0.6676501465555255,0.4830595060376783,True,0.5174288544034252,71.0,Stability-led
CLONE_0319,stress_minimized,0.9406928508115108,1.1573541601413313,0.2166613093298204,0.9252726511828534,0.9824176550919392,0.7933889606945191,0.8073453518583862,0.4428024415074156,0.4615225150503568,0.0982037207832171,0.0410587168741311,0.1298358342378703,0.0498328287651499,1.0,1.0,0.6429000781817187,-0.0802948822450529,2.498445397719584e-08,0.4841056179202558,8.124832665908702,0.5116935079684579,0,0,0,True,PASS,-1.191177615524116,-0.2517649052579371,-0.2517649052579371,0.00013165685264612307,0.6454301000547963,0.9100888472395998,0.9629331633972262,0.5116935079685349,True,0.5522570541830905,42.0,Risk-safe
CLONE_2665,stress_minimized,0.2199247896544491,0.4124107660775481,0.192485976423099,0.9843074625113718,1.0,0.4994979029120723,0.516794456781986,0.493422729473065,0.5116632671091954,0.1533602809345647,0.0981514408014523,0.7093828332914813,0.632090457105124,0.8647012792990774,0.9309518874588122,0.6041768026622469,-0.107313900094328,8.332074818045806e-08,0.3267455281963806,8.150999645443596,0.6028144053809692,1,0,0,True,PASS,0.1323660566444651,0.2443839404176983,0.2443839404176983,0.010712875126999255,0.876394096784067,0.6803898416225791,0.7021971964518505,0.6028144053810599,True,0.5142011623064415,75.0,Stability-led
CLONE_0550,stress_minimized,0.1660020598826163,0.4089722873082678,0.2429702274256514,0.7161707078400612,0.7706862040563878,0.6996237811108108,0.7152218581690261,0.5456975248917088,0.5644008633620017,0.2735784839665328,0.2190629877502062,0.2723375960829186,0.1960159013800613,0.6819471620014883,0.7473657574610801,0.5903099243265315,-0.1080487701802682,2.93473595249613e-07,0.327305785003573,6.730119855779767,0.5033855107562214,0,0,0,True,PASS,0.9740222723129544,0.7480022783110798,0.7480022783110798,0.04883105140448949,0.8755717843946231,0.6793296064954101,0.8307250553124802,0.5033855107562971,True,0.5345433832966257,54.0,Stability-led
CLONE_2935,stress_minimized,0.0980365988197003,0.2041972444204593,0.106160645600759,1.0,1.0,0.2659445353527171,0.2822514528825708,0.4260189509160389,0.443850612596483,0.0,0.0,0.4693198987816438,0.3982139559809276,0.4867618714271098,0.5477098223991522,0.515799182867374,-0.1130772858276905,3.90108418326233e-07,0.5156559319058177,6.425266573852434,0.3846866389088461,0,0,0,True,PASS,-0.1620894167956006,-0.0155747523091766,-0.0155747523091766,0.06635897582688165,0.5991223823294475,0.6161884012691712,0.8376028096400854,0.384686638908904,True,0.45788835486815005,88.0,Risk-safe
CLONE_1437,stress_minimized,0.7800418175550405,0.9702388263684132,0.1901970088133725,0.9430543958412524,0.9964583550337318,0.9241091164012838,0.9428412636311684,0.6403060887786955,0.6583220922915805,0.0032495695061624,0.0,0.5375937335520709,0.4628281906825997,0.5457065962047312,0.6097913472357064,0.5680791838495878,-0.1281895072643177,3.335818461267034e-07,0.3612118103911422,8.198667452332948,0.6705190883690656,1,0,0,True,PASS,0.4240111479328903,0.6425022193070994,0.6425022193070994,0.05610601055177925,0.8258064903454234,0.8523929116210928,0.8112522259520787,0.6705190883691665,True,0.5838310718696201,13.0,Quality-led
CLONE_3546,stress_minimized,0.913537492671614,1.1574764244130962,0.2439389317414823,0.7438396889214727,0.799000229483036,0.9753639165902795,0.9907222741038032,0.9328465052547792,0.9488444227387276,0.1485984495189614,0.0934379089573981,0.2864487651574012,0.2092240083712126,0.9054001494105486,0.9715927980844244,0.6032108112312649,-0.0758642458141083,2.8371923251602133e-08,0.3511179090552389,10.585920879659175,0.5665412655589757,0,0,0,True,PASS,-0.812006172590627,-0.0242131337891376,-0.0242131337891376,0.0007460865533958357,0.8406217322483862,0.9101265467237091,0.8765702601205035,0.5665412655590609,True,0.5840194746706048,12.0,Quality-led
CLONE_0352,stress_minimized,0.4098000442652335,0.6417754845292738,0.2319754402640402,0.7225593255944512,0.7736400813731996,0.8664893813479216,0.8854010474537862,0.7669513716583932,0.7843104754721498,0.154189317175758,0.1031085613970095,0.3563615867193862,0.2848485286291384,0.4657830295641488,0.5270799364986469,0.5216151155749683,-0.0803312833874762,2.5270282518785778e-08,0.2999349026616323,9.53962049193508,0.5068629286979829,0,0,0,True,PASS,-0.156667614927453,0.1627096248552376,0.1627096248552376,0.00018350132149539755,0.9157451751876388,0.7511131317031653,0.8417857022482849,0.5068629286980592,True,0.5479365165668164,43.0,Stability-led
CLONE_2723,stress_minimized,0.3130238360984361,0.5811596398681946,0.2681358037697585,0.8402164575046053,0.9006761492049622,0.8710957289930871,0.8860487765187365,0.9105309475510862,0.9334082402551634,0.4823861109482299,0.421926419247873,0.487435832978181,0.4027922645976812,0.6397415944287496,0.7122932244691779,0.7091938340071388,-0.1021993844461324,4.591528155245988e-07,0.3499252170699415,3.3005801010554863,0.4248315411805428,0,0,0,True,PASS,2.070349434708394,1.4746735167723142,1.4746735167723142,0.07888246308905658,0.8423722962463773,0.7324225850733987,0.663668248984575,0.4248315411806067,True,0.517278235910089,72.0,Stability-led
CLONE_0834,stress_minimized,0.4722054016466731,0.7319801206828074,0.2597747190361343,0.927276245534488,0.9855824521671523,0.766904020434372,0.783547860991645,0.4985271391925623,0.5184304333942714,0.280153366160818,0.2218471595281536,0.3767922605710243,0.2951635712852941,0.7749461411480627,0.8449135891072599,0.6661241326532875,-0.0950095122680873,3.547840812326818e-07,0.3341424168875754,6.707421154550695,0.5187947836674158,0,0,0,True,PASS,1.0666659668644058,0.9327916283917664,0.9327916283917664,0.05995173782370398,0.8655373733386387,0.778927211795186,0.7891558324137405,0.5187947836674939,True,0.556077652192446,36.0,Stability-led
CLONE_1747,stress_minimized,-0.0817623463188896,0.171660545963077,0.2534228922819666,0.8153199049715306,0.8719199834823143,0.7441691405707547,0.7608132950149118,0.3669033876748934,0.3877171468671678,0.3555461625022085,0.2989460839914248,0.5111015795927898,0.4318614696776927,0.5030080618564409,0.5709281560693812,0.6320015702156725,-0.1069690214567386,2.3537076619209465e-07,0.3585414603848421,9.62842881760662,0.6330799260134838,1,0,0,True,PASS,-0.1504834413025049,-0.0216258463962721,-0.0216258463962721,0.03829217976357115,0.8297258749314601,0.6061558976705398,0.7019665141636788,0.6330799260135791,True,0.49757477305890807,79.0,Stability-led
CLONE_2751,stress_minimized,0.9229436323434584,1.1421053684432902,0.2191617360998319,0.908633933924147,0.9614074433019668,1.0,1.0,0.6703187625092305,0.6872484004794643,0.0866319274330582,0.0338584180552383,0.4908541144373699,0.4169712013084221,0.8395796065136129,0.9029078177669968,0.5554701875563979,-0.1182142356953315,6.207339779782973e-08,0.3706807067539857,6.939082016228658,0.5367182339112584,0,0,0,True,PASS,0.0654482835592635,0.4961111175128742,0.4961111175128742,0.006858964706037365,0.8119085944277536,0.9053869701334835,0.8161454102347061,0.5367182339113391,True,0.5668797857570727,26.0,Quality-led
CLONE_2526,stress_minimized,0.6069965891558289,0.8204674359652183,0.2134708468093894,0.7893782079126066,0.853170294959394,0.356527204356782,0.3739335481618029,0.987774518923202,1.0,0.0,0.0,0.1543781458721886,0.0650692240066861,0.8914173444190433,0.9679678488751884,0.775841740935749,-0.0652972554044674,3.92999760489583e-08,0.3450908721805362,3.2865342561705533,0.3819468044134962,0,0,0,True,PASS,1.1603845333742062,1.024417694410611,1.024417694410611,0.00272825071966224,0.8494678667889719,0.806211765886217,0.9734638653445591,0.38194680441355366,True,0.5564792502882865,35.0,Risk-safe
CLONE_1719,stress_minimized,0.9886245403128626,1.1954782576620728,0.2068537173492102,0.7577576991745318,0.8177308443307716,1.0,1.0,0.4708383824159346,0.490020988173758,0.064666558422968,0.0046934132667282,0.0231001446331802,0.0,0.8951893811688814,0.967157155356369,0.6994629031247949,-0.0827504130021211,7.457335305611827e-08,0.4260738236460877,5.734888298639907,0.3907704104891731,0,0,0,True,PASS,-0.0143393134614698,0.4695877149879472,0.4695877149879472,0.009126245424053953,0.7306057959154926,0.9218441931629853,0.9980859607849828,0.3907704104892319,True,0.5681100162677316,24.0,Risk-safe
CLONE_1748,stress_minimized,0.1973193459467389,0.3949565075443619,0.197637161597623,0.6029178293674773,0.6598277659086021,0.646109446676407,0.6639627666894243,0.7175705138675382,0.738054949094035,0.0,0.0,0.3986753282259739,0.3190014170683991,0.6133532683640457,0.6816451922133955,0.6381987308224967,-0.1095359697848555,2.915741393817318e-07,0.3489016052017015,9.834050451788537,0.6301270032579924,1,0,0,True,PASS,-0.003417643605564,0.1559320168544063,0.1559320168544063,0.04848652219818574,0.8438746942724783,0.6750079215185772,0.8699067848460326,0.6301270032580872,True,0.5455715939463093,46.0,Risk-safe
CLONE_3193,stress_minimized,-0.1462307605910823,0.0950777765055753,0.2413085370966576,0.7826983839529272,0.8362837916744298,0.2652726671638655,0.2834372741434918,0.535751686664665,0.5533101174611176,0.2599519875373582,0.2063665798158556,0.3258901365737086,0.250870565763605,0.8152674019348097,0.8795698912006128,0.5717081544300512,-0.1473666006585746,7.47569847853262e-07,0.4896263152903741,3.394237093880591,0.3125799650749524,0,0,0,True,PASS,1.6350208270329063,1.019043606821974,1.019043606821974,0.13119644043011452,0.6373271412196004,0.5825420417293198,0.8135323319159411,0.3125799650749994,True,0.4657477171001755,87.0,Risk-safe
CLONE_4441,stress_minimized,0.7272417111974999,0.8305155198651355,0.1032738086676355,1.0,1.0,0.4383708109946592,0.4525019367817455,0.9249209474816408,0.943626970638485,0.0,0.0,0.1721107731259961,0.1019763023118144,0.4786626487371438,0.5387779094350138,0.5019210116311668,-0.0891737451127254,3.676946253939683e-08,0.4209847228690521,7.607099449608169,0.534002303197683,0,0,0,True,PASS,-0.5489430966127641,0.0028403499783957,0.0028403499783957,0.002269258317821056,0.7380752823480734,0.8093100346923563,0.9584126454384609,0.5340023031977634,True,0.5477854697735955,44.0,Risk-safe
CLONE_0908,stress_minimized,0.5163995859706398,0.7637223856091822,0.2473227996385423,0.893241913706973,0.9575306121804744,0.5098924763900382,0.5291634804384988,0.404818272517519,0.4257257873748971,0.069745279911883,0.0054565814383817,0.2737314570163343,0.1837272791534325,1.0,1.0,0.7857739694700244,-0.0830101200182489,9.894749184028289e-08,0.3269352212294922,5.462457567208008,0.3860234210442987,0,0,0,True,PASS,0.8667596603586911,0.8255447504588875,0.8255447504588875,0.013547302439194274,0.8761156763716483,0.7887147563894749,0.9228481901246478,0.3860234210443568,True,0.5534955857265895,39.0,Risk-safe
CLONE_0197,stress_minimized,0.4556426484739991,0.6727400596495335,0.2170974111755344,0.7866790228625249,0.8448044423343712,0.7069637249811463,0.7259636111958059,0.5975767856268083,0.617145331133147,0.0148280191301653,0.0,0.3633148263724532,0.2819392391118683,0.598500394067108,0.6682508974333236,0.6625083894369261,-0.0952617776579141,1.7362645462773437e-07,0.332937724605663,3.826769226850768,0.3626428725284245,0,0,0,True,PASS,1.4162606459473126,1.118852411428201,1.118852411428201,0.02709280471266798,0.8673055506747576,0.7606608801242596,0.885021256547391,0.36264287252847904,True,0.5407716473147733,49.0,Risk-safe
CLONE_3895,balanced_feed,1.3300058319102357,1.415354271499763,0.0853484395895274,1.0,1.0,0.8118003773040978,0.8582327925747041,1.0,1.0,0.0,0.0,0.0182540790245164,0.0,0.6274054738983522,0.6765501692090187,0.7515570806558634,0.0229396978892011,8.950082230044664e-08,0.3633455736318267,4.486685443009587,0.3883825526770101,0,0,0,True,PASS,0.8223328866838843,1.0595414406102357,1.0595414406102357,0.011833836170349573,0.8226746766370856,0.9896416958189083,0.9838932194790343,0.38838255267706856,True,0.6019177483228111,4.0,Quality-led
CLONE_3895,mild_temp_shift,1.3300058319102357,1.4037922576619382,0.0737864257517026,1.0,1.0,0.8118003773040978,0.8402103792158024,1.0,1.0,0.0,0.0,0.0182540790245164,0.0,0.6274054738983522,0.6899833279311454,0.7515570806558634,-0.0688190936676035,8.950082230044664e-08,0.3633455736318267,4.486685443009587,0.3883825526770101,0,0,0,True,PASS,0.8223328866838843,1.0549166350751058,1.0549166350751058,0.011833836170349573,0.8226746766370856,0.9860766154347588,1.0,0.38838255267706856,True,0.6034424953049187,3.0,Risk-safe
CLONE_2985,stress_minimized,0.7001331643294438,0.9411668007393668,0.2410336364099229,0.7360432369522905,0.7961243362251289,0.632745711479281,0.6497003543996378,0.7159624590409777,0.7354517631100163,0.0682854341065515,0.008204334833713,0.0466896241833347,0.0,0.9229209122514236,0.9950182313788296,0.7016219854567687,-0.0768679739969893,5.4839040662854955e-08,0.3510211026133766,4.826454405669774,0.3963259788774417,0,0,0,True,PASS,0.7491966903123035,0.8259847344831288,0.8259847344831288,0.00554677453411672,0.8407638191190845,0.843428719936895,0.9966541581334463,0.3963259788775013,True,0.5698046977760427,21.0,Risk-safe
CLONE_1558,stress_minimized,0.7493343480752608,0.9728778407622816,0.2235434926870206,0.9347641139057185,0.9929612116534612,0.5868242935759858,0.6034378779939139,1.0,1.0,0.0329677009219393,0.0,0.5452404572909925,0.4637645204441525,0.8983858318424728,0.968222349139764,0.6639419549548556,-0.1284276914416199,5.27387984137302e-07,0.4289877941661129,6.5998094735478405,0.4900949803252972,0,0,0,True,PASS,0.7631822245108381,0.8470604710114154,0.8470604710114154,0.0912591699563558,0.7263288392942981,0.8532066365120186,0.8108703776510768,0.4900949803253709,True,0.5565852326539696,33.0,Quality-led
CLONE_0151,stress_minimized,0.0880506867181926,0.3084528022604217,0.220402115542229,0.7218107166821862,0.7709713236297066,0.7841836152484223,0.7984969473770671,0.3849755675346754,0.4039193117108959,0.1521875822853999,0.1030269753378795,0.4509665973552639,0.3821417476287354,0.5031667571473545,0.5621594854843789,0.4832121389504066,-0.1359757942634073,4.005827611170113e-07,0.305255200956132,5.626054978337682,0.361787084200382,0,0,0,True,PASS,1.672054835860818,1.1266140224206591,1.1266140224206591,0.06825884466262652,0.9079363504720086,0.6483350021474611,0.802141446132391,0.3617870842004364,True,0.5206485993699572,68.0,Stability-led
CLONE_4425,stress_minimized,0.792499324683927,1.0292101699372964,0.2367108452533693,0.8437120603240044,0.9049309868346394,0.7863864771435278,0.8050356476764392,0.2887378471777319,0.3085738029329819,0.0787848185210675,0.0175658920104325,0.0798706165365921,0.0,0.9902924630482988,1.0,0.7243785302126989,-0.1078252102266326,1.3481046617804598e-07,0.360447779734509,5.464565842041817,0.4349260938507178,0,0,0,True,PASS,0.6921954973956508,0.827001366412309,0.827001366412309,0.02005224013909664,0.8269278901513675,0.8705763858093508,0.9928363848985832,0.43492609385078324,True,0.5814634136442061,15.0,Risk-safe
