clone_id,overall_score,score_productivity,score_quality,score_stability,omics_score,rl_robustness_score,decision,bottleneck,recommended_intervention,post_engineering_score,engineering_gain,success_probability,off_target_risk,engineering_complexity,engineering_success,realized_gain,engineering_confidence,expected_net_benefit,portfolio_group,titer_before_g_L,qp_before_pg_cell_day,stability_before_pct,quality_before_pct,experimental_outcome,response_multiplier,base_titer_frac,base_qp_frac,base_stability_delta,base_quality_delta,titer_after_g_L,qp_after_pg_cell_day,stability_after_pct,quality_after_pct,delta_titer_g_L,delta_qp_pg_cell_day,delta_stability_pct,delta_quality_pct,experimental_roi_score,engineering_result_class,nb18_overall_score,nb18_score_productivity,nb18_score_quality,nb18_score_stability,nb18_omics_score,nb18_rl_robustness_score,nb18_decision,risk_overall_score,risk_score_productivity,risk_score_quality,risk_score_stability,risk_omics_score,risk_rl_robustness_score,risk_decision,risk_bottleneck,risk_recommended_intervention,risk_post_engineering_score,risk_engineering_gain,risk_success_probability,risk_off_target_risk,risk_engineering_complexity,risk_engineering_success,risk_realized_gain,risk_engineering_confidence,risk_expected_net_benefit,risk_portfolio_group,learn_overall_score,learn_score_productivity,learn_score_quality,learn_score_stability,learn_omics_score,learn_rl_robustness_score,learn_decision,learn_bottleneck,learn_recommended_intervention,learn_post_engineering_score,learn_engineering_gain,learn_success_probability,learn_off_target_risk,learn_engineering_complexity,learn_engineering_success,learn_realized_gain,learn_engineering_confidence,learn_expected_net_benefit,learn_portfolio_group,learn_titer_before_g_L,learn_qp_before_pg_cell_day,learn_stability_before_pct,learn_quality_before_pct,learn_experimental_outcome,learn_response_multiplier,learn_base_titer_frac,learn_base_qp_frac,learn_base_stability_delta,learn_base_quality_delta,learn_titer_after_g_L,learn_qp_after_pg_cell_day,learn_stability_after_pct,learn_quality_after_pct,learn_delta_titer_g_L,learn_delta_qp_pg_cell_day,learn_delta_stability_pct,learn_delta_quality_pct,learn_experimental_roi_score,learn_engineering_result_class,learn_predicted_score,learn_observed_score,learn_prediction_error,learn_observed_success,pareto_selected,score_titer_final,score_qp_final,score_stability_final,score_quality_final,score_roi_final,score_pareto_final,score_learning_final,final_sdl_score,pareto_label,clone_archetype,clone_archetype_reason,upstream_process_strategy,final_platform_recommendation
CLONE_1091,36.18652014344423,0.0547659822041508,81.82352802506934,83.12342360907665,17.252198536240044,57.16701743307742,Engineer,productivity,XBP1s_secretory_support,56.3910765124621,20.204556369017872,0.8,0.15,0.4,True,20.204556369017872,0.408,16.1636450952143,High Gain / Low Risk,1.965807845237442,10.024590910089376,89.98234643300589,86.9041531376612,strong_success,1.0,0.14,0.16,1.0,0.5,2.6026304451689035,13.08871414344631,89.47893052917347,85.25785666301027,0.6368225999314614,3.064123233356934,-0.5034159038324191,-1.6462964746509243,4.995626644845016,Moderate Improvement,36.18652014344423,0.0547659822041508,81.82352802506934,83.12342360907665,17.252198536240044,57.16701743307742,Engineer,36.18652014344423,0.0547659822041508,81.82352802506934,83.12342360907665,17.252198536240044,57.16701743307742,Engineer,productivity,XBP1s_secretory_support,56.3910765124621,20.204556369017872,0.8,0.15,0.4,True,20.204556369017872,0.408,16.1636450952143,High Gain / Low Risk,36.18652014344423,0.0547659822041508,81.82352802506934,83.12342360907665,17.252198536240044,57.16701743307742,Engineer,productivity,XBP1s_secretory_support,56.3910765124621,20.204556369017872,0.8,0.15,0.4,True,20.204556369017872,0.408,16.1636450952143,High Gain / Low Risk,1.965807845237442,10.024590910089376,89.98234643300589,86.9041531376612,strong_success,1.0,0.14,0.16,1.0,0.5,2.6026304451689035,13.08871414344631,89.47893052917347,85.25785666301027,0.6368225999314614,3.064123233356934,-0.5034159038324191,-1.6462964746509243,4.995626644845016,Moderate Improvement,56.3910765124621,61.38670315730712,4.995626644845018,1,1,27.876601460929507,24.828372818541578,32.55644304078541,25.84588454562144,100.0,100,10.768447726373296,40.76459227760476,Pareto-selected,REJECT,Low priority based on final SDL profile,Engineering-Supported Fed-Batch,Reject
CLONE_0080,42.12601933384872,0.296048871677585,89.43992634436906,88.80894864826537,27.907133514891804,72.04442950532908,Advance with Monitoring,productivity,XBP1s_secretory_support,61.784444964863496,19.65842563101478,0.8,0.15,0.4,True,19.65842563101478,0.408,15.726740504811824,High Gain / Low Risk,1.909605647460727,7.863439074160346,93.93092203941184,92.18004713507275,strong_success,1.0,0.14,0.16,1.0,0.5,2.484199775793134,8.91273142660992,94.7685632042151,92.09150568790108,0.574594128332407,1.049292352449574,0.8376411648032587,-0.0885414471716785,4.013603367536896,Moderate Improvement,42.12601933384872,0.296048871677585,89.43992634436906,88.80894864826537,27.907133514891804,72.04442950532908,Advance with Monitoring,42.12601933384872,0.296048871677585,89.43992634436906,88.80894864826537,27.907133514891804,72.04442950532908,Advance with Monitoring,productivity,XBP1s_secretory_support,61.784444964863496,19.65842563101478,0.8,0.15,0.4,True,19.65842563101478,0.408,15.726740504811824,High Gain / Low Risk,42.12601933384872,0.296048871677585,89.43992634436906,88.80894864826537,27.907133514891804,72.04442950532908,Advance with Monitoring,productivity,XBP1s_secretory_support,61.784444964863496,19.65842563101478,0.8,0.15,0.4,True,19.65842563101478,0.408,15.726740504811824,High Gain / Low Risk,1.909605647460727,7.863439074160346,93.93092203941184,92.18004713507275,strong_success,1.0,0.14,0.16,1.0,0.5,2.484199775793134,8.91273142660992,94.7685632042151,92.09150568790108,0.574594128332407,1.049292352449574,0.8376411648032587,-0.0885414471716785,4.013603367536896,Moderate Improvement,61.784444964863496,65.7980483324004,4.013603367536902,1,1,25.880835245005652,13.85704076659517,67.95837922537406,60.21966501857189,90.72728250949687,100,28.416609020896686,51.79373791489036,Pareto-selected,DEVELOPMENT,Moderate candidate requiring engineering or process optimization,Engineering-Supported Fed-Batch,Engineer / Optimize
CLONE_3895,42.63142518414841,1.1703722315805307,98.60766154347588,82.26746766370856,28.517580132954468,78.90260187649389,Advance with Monitoring,productivity,XBP1s_secretory_support,62.177484896964465,19.546059712816053,0.8,0.15,0.4,True,19.546059712816053,0.408,15.636847770252842,High Gain / Low Risk,1.939276075681033,8.768241585844017,92.9054427209597,96.36219009736143,partial_success,0.5,0.14,0.16,1.0,0.5,2.3709046299197456,9.725535679378924,94.33829647752252,96.2724192841876,0.4316285542387126,0.9572940935349088,1.4328537565628352,-0.0897708131738284,2.9631756258778976,Neutral / Small Change,42.86293597148463,1.1703722315805307,98.96416958189084,82.26746766370856,28.517580132954468,79.47907422797432,Advance,42.63142518414841,1.1703722315805307,98.60766154347588,82.26746766370856,28.517580132954468,78.90260187649389,Advance with Monitoring,productivity,XBP1s_secretory_support,62.177484896964465,19.546059712816053,0.8,0.15,0.4,True,19.546059712816053,0.408,15.636847770252842,High Gain / Low Risk,42.63142518414841,1.1703722315805307,98.60766154347588,82.26746766370856,28.517580132954468,78.90260187649389,Advance with Monitoring,productivity,XBP1s_secretory_support,62.177484896964465,19.546059712816053,0.8,0.15,0.4,True,19.546059712816053,0.408,15.636847770252842,High Gain / Low Risk,1.939276075681033,8.768241585844017,92.9054427209597,96.36219009736143,partial_success,0.5,0.14,0.16,1.0,0.5,2.3709046299197456,9.725535679378924,94.33829647752252,96.2724192841876,0.4316285542387126,0.9572940935349088,1.4328537565628352,-0.0897708131738284,2.9631756258778976,Neutral / Small Change,62.177484896964465,65.14066052284237,2.963175625877902,0,1,23.971611681936476,15.992477130929217,65.07873216167646,81.24998214660488,80.8086584629357,100,47.29408233686119,55.206711740332395,Pareto-selected,DEVELOPMENT,Moderate candidate requiring engineering or process optimization,Engineering-Supported Fed-Batch,Engineer / Optimize
CLONE_0894,38.45727910402831,3.201970794830738,77.53160941188307,88.88726222629082,18.321967992344543,74.30955574844299,Engineer,productivity,XBP1s_secretory_support,55.585773769218854,17.128494665190544,0.8,0.15,0.4,True,17.128494665190544,0.408,13.702795732152437,High Gain / Low Risk,1.7386603728903554,10.247983232027572,94.80369451221722,91.94418720461086,partial_success,0.5,0.14,0.16,1.0,0.5,1.9153920938337288,11.939220399306956,95.77359566188726,95.17987064332584,0.1767317209433734,1.6912371672793842,0.9699011496700364,3.235683438714972,2.0799922150108694,Neutral / Small Change,38.45727910402831,3.201970794830738,77.53160941188307,88.88726222629082,18.321967992344543,74.30955574844299,Engineer,38.45727910402831,3.201970794830738,77.53160941188307,88.88726222629082,18.321967992344543,74.30955574844299,Engineer,productivity,XBP1s_secretory_support,55.585773769218854,17.128494665190544,0.8,0.15,0.4,True,17.128494665190544,0.408,13.702795732152437,High Gain / Low Risk,38.45727910402831,3.201970794830738,77.53160941188307,88.88726222629082,18.321967992344543,74.30955574844299,Engineer,productivity,XBP1s_secretory_support,55.585773769218854,17.128494665190544,0.8,0.15,0.4,True,17.128494665190544,0.408,13.702795732152437,High Gain / Low Risk,1.7386603728903554,10.247983232027572,94.80369451221722,91.94418720461086,partial_success,0.5,0.14,0.16,1.0,0.5,1.9153920938337288,11.939220399306956,95.77359566188726,95.17987064332584,0.1767317209433734,1.6912371672793842,0.9699011496700364,3.235683438714972,2.0799922150108694,Neutral / Small Change,55.585773769218854,57.66576598422972,2.0799922150108685,0,1,16.295419904570164,21.808370482865705,74.68476215510557,75.7543784069026,72.46923265653564,100,63.165970150308965,56.39396902608486,Pareto-selected,DEVELOPMENT,Moderate candidate requiring engineering or process optimization,Engineering-Supported Fed-Batch,Engineer / Optimize
CLONE_3527,36.41136909857655,2.716301966172691,85.78047881399388,86.04884876251411,18.260070619115712,61.28309742296428,Engineer,productivity,XBP1s_secretory_support,52.32798159898999,15.916612500413445,0.8,0.15,0.4,True,15.916612500413445,0.408,12.733290000330756,Other,1.5628916608603154,11.581696686316906,91.85727188422464,90.38367806946609,strong_success,1.0,0.14,0.16,1.0,0.5,1.716324730948233,15.41701056389542,91.9263039000766,90.10058579515756,0.1534330700879176,3.835313877578514,0.0690320158519597,-0.2830922743085153,2.07513782263631,Neutral / Small Change,36.41136909857655,2.716301966172691,85.78047881399388,86.04884876251411,18.260070619115712,61.28309742296428,Engineer,36.41136909857655,2.716301966172691,85.78047881399388,86.04884876251411,18.260070619115712,61.28309742296428,Engineer,productivity,XBP1s_secretory_support,52.32798159898999,15.916612500413445,0.8,0.15,0.4,True,15.916612500413445,0.408,12.733290000330756,Other,36.41136909857655,2.716301966172691,85.78047881399388,86.04884876251411,18.260070619115712,61.28309742296428,Engineer,productivity,XBP1s_secretory_support,52.32798159898999,15.916612500413445,0.8,0.15,0.4,True,15.916612500413445,0.408,12.733290000330756,Other,1.5628916608603154,11.581696686316906,91.85727188422464,90.38367806946609,strong_success,1.0,0.14,0.16,1.0,0.5,1.716324730948233,15.41701056389542,91.9263039000766,90.10058579515756,0.1534330700879176,3.835313877578514,0.0690320158519597,-0.2830922743085153,2.07513782263631,Neutral / Small Change,52.32798159898999,54.4031194216263,2.0751378226363073,0,1,12.940782802255415,30.945379251809875,48.93598415814524,50.20518474849549,72.42339524094939,100,63.253209528023106,48.11559846902318,Pareto-selected,DEVELOPMENT,Moderate candidate requiring engineering or process optimization,Engineering-Supported Fed-Batch,Engineer / Optimize
CLONE_1437,36.14339083561131,5.598173423220868,85.23929116210928,82.58064903454235,19.731967311188075,59.47617938353612,Engineer,productivity,XBP1s_secretory_support,52.61639638613544,16.473005550524135,0.8,0.15,0.4,True,16.473005550524135,0.408,13.178404440419309,High Gain / Low Risk,1.77653436497656,10.514687545525948,91.05807520979408,91.25542215729416,strong_success,1.0,0.14,0.16,1.0,0.5,2.014555326483297,12.692175496426682,91.51614664229506,91.79661205920036,0.238020961506737,2.177487950900735,0.4580714325009865,0.5411899019061934,2.0604757961961315,Neutral / Small Change,36.14339083561131,5.598173423220868,85.23929116210928,82.58064903454235,19.731967311188075,59.47617938353612,Engineer,36.14339083561131,5.598173423220868,85.23929116210928,82.58064903454235,19.731967311188075,59.47617938353612,Engineer,productivity,XBP1s_secretory_support,52.61639638613544,16.473005550524135,0.8,0.15,0.4,True,16.473005550524135,0.408,13.178404440419309,High Gain / Low Risk,36.14339083561131,5.598173423220868,85.23929116210928,82.58064903454235,19.731967311188075,59.47617938353612,Engineer,productivity,XBP1s_secretory_support,52.61639638613544,16.473005550524135,0.8,0.15,0.4,True,16.473005550524135,0.408,13.178404440419309,High Gain / Low Risk,1.77653436497656,10.514687545525948,91.05807520979408,91.25542215729416,strong_success,1.0,0.14,0.16,1.0,0.5,2.014555326483297,12.692175496426682,91.51614664229506,91.79661205920036,0.238020961506737,2.177487950900735,0.4580714325009865,0.5411899019061934,2.0604757961961315,Neutral / Small Change,52.61639638613544,54.67687218233157,2.0604757961961297,0,1,17.966495738447847,23.786568418743254,46.19092378105318,58.73632737291452,72.2849496132747,100,63.51670410447563,48.7900836444239,Pareto-selected,DEVELOPMENT,Moderate candidate requiring engineering or process optimization,Engineering-Supported Fed-Batch,Engineer / Optimize
CLONE_4625,59.32392365821394,100.0,69.8501736323647,83.06531282168443,17.302239505151018,58.42289461086479,Advance,omics,PDI_folding_support,75.31735196423641,15.993428306022466,0.75,0.2,0.45,True,15.993428306022466,0.33,11.99507122951685,Other,6.624178538252808,40.41772719000951,91.49316679402018,84.8521737070387,partial_success,0.5,0.06,0.06,1.0,6.0,6.882501653773122,41.70104803507687,91.53942773535525,87.83849929312284,0.258323115520314,1.2833208450673652,0.0462609413350634,2.986325586084135,1.8947240630577311,Neutral / Small Change,59.32392365821394,100.0,69.8501736323647,83.06531282168443,17.302239505151018,58.42289461086479,Advance,59.32392365821394,100.0,69.8501736323647,83.06531282168443,17.302239505151018,58.42289461086479,Advance,omics,PDI_folding_support,75.31735196423641,15.993428306022466,0.75,0.2,0.45,True,15.993428306022466,0.33,11.99507122951685,Other,59.32392365821394,100.0,69.8501736323647,83.06531282168443,17.302239505151018,58.42289461086479,Advance,omics,PDI_folding_support,75.31735196423641,15.993428306022466,0.75,0.2,0.45,True,15.993428306022466,0.33,11.99507122951685,Other,6.624178538252808,40.41772719000951,91.49316679402018,84.8521737070387,partial_success,0.5,0.06,0.06,1.0,6.0,6.882501653773122,41.70104803507687,91.53942773535525,87.83849929312284,0.258323115520314,1.2833208450673652,0.0462609413350634,2.986325586084135,1.8947240630577311,Neutral / Small Change,75.31735196423641,77.21207602729415,1.8947240630577369,0,1,100.00000000000001,100.0,46.34673720354529,38.82671556628455,70.7198451697561,100,66.4954657986909,73.81488587249645,Pareto-selected,SUPER,"High titer, high qP, stable, and strong quality",Standard Fed-Batch Scale-Up,Advance to Process Development
CLONE_0834,37.281411382074566,5.982796858488476,77.8927211795186,86.55373733386386,23.478992430959757,59.34777545328286,Engineer,productivity,XBP1s_secretory_support,53.916467791450415,16.63505640937585,0.8,0.15,0.4,True,16.63505640937585,0.408,13.30804512750068,High Gain / Low Risk,1.8160218940964048,10.57702185752344,92.10620388060396,84.61361603326554,strong_success,1.0,0.14,0.16,1.0,0.5,2.075598501684053,12.71864390347368,92.21804165090572,82.48762088666635,0.259576607587648,2.141622045950239,0.1118377703017614,-2.125995146599194,1.458046744196969,Neutral / Small Change,37.281411382074566,5.982796858488476,77.8927211795186,86.55373733386386,23.478992430959757,59.34777545328286,Engineer,37.281411382074566,5.982796858488476,77.8927211795186,86.55373733386386,23.478992430959757,59.34777545328286,Engineer,productivity,XBP1s_secretory_support,53.916467791450415,16.63505640937585,0.8,0.15,0.4,True,16.63505640937585,0.408,13.30804512750068,High Gain / Low Risk,37.281411382074566,5.982796858488476,77.8927211795186,86.55373733386386,23.478992430959757,59.34777545328286,Engineer,productivity,XBP1s_secretory_support,53.916467791450415,16.63505640937585,0.8,0.15,0.4,True,16.63505640937585,0.408,13.30804512750068,High Gain / Low Risk,1.8160218940964048,10.57702185752344,92.10620388060396,84.61361603326554,strong_success,1.0,0.14,0.16,1.0,0.5,2.075598501684053,12.71864390347368,92.21804165090572,82.48762088666635,0.259576607587648,2.141622045950239,0.1118377703017614,-2.125995146599194,1.458046744196969,Neutral / Small Change,53.916467791450415,55.374514535647386,1.4580467441969702,0,1,18.99518119146881,23.856107423640932,50.888498041806635,11.911385409432471,66.59653617507965,100,74.3430921584649,43.435822604970554,Pareto-selected,REJECT,Low priority based on final SDL profile,Engineering-Supported Fed-Batch,Reject
CLONE_4425,37.88027675796117,1.9923209927297865,87.05763858093508,82.69278901513675,22.144867457329408,68.15724284147811,Engineer,productivity,XBP1s_secretory_support,57.31157429580428,19.431297537843108,0.8,0.15,0.4,True,19.431297537843108,0.408,15.545038030274489,High Gain / Low Risk,1.9660282418668775,6.959107671228254,90.01915363799726,91.763510934168,partial_success,0.5,0.14,0.16,1.0,0.5,2.3879328454934696,6.22569401557203,89.16607399718124,91.86298798179948,0.4219046036265919,-0.7334136556562241,-0.85307964081602,0.099477047631467,1.3467879873228623,Neutral / Small Change,37.88027675796117,1.9923209927297865,87.05763858093508,82.69278901513675,22.144867457329408,68.15724284147811,Engineer,37.88027675796117,1.9923209927297865,87.05763858093508,82.69278901513675,22.144867457329408,68.15724284147811,Engineer,productivity,XBP1s_secretory_support,57.31157429580428,19.431297537843108,0.8,0.15,0.4,True,19.431297537843108,0.408,15.545038030274489,High Gain / Low Risk,37.88027675796117,1.9923209927297865,87.05763858093508,82.69278901513675,22.144867457329408,68.15724284147811,Engineer,productivity,XBP1s_secretory_support,57.31157429580428,19.431297537843108,0.8,0.15,0.4,True,19.431297537843108,0.408,15.545038030274489,High Gain / Low Risk,1.9660282418668775,6.959107671228254,90.01915363799726,91.763510934168,partial_success,0.5,0.14,0.16,1.0,0.5,2.3879328454934696,6.22569401557203,89.16607399718124,91.86298798179948,0.4219046036265919,-0.7334136556562241,-0.85307964081602,0.099477047631467,1.3467879873228623,Neutral / Small Change,57.31157429580428,58.65836228312714,1.3467879873228623,0,1,24.258567227646328,6.797533658569439,30.462587444199347,59.07020337149176,65.54597958983645,100,76.34254831405087,45.01324427926705,Pareto-selected,DEVELOPMENT,Moderate candidate requiring engineering or process optimization,Engineering-Supported Fed-Batch,Engineer / Optimize
CLONE_1371,39.65760656187063,0.7788509888229258,85.93709691190612,87.5227565755037,29.691647453778696,68.50954145376288,Advance with Monitoring,productivity,XBP1s_secretory_support,55.2307711762457,15.573164614375074,0.8,0.15,0.4,True,15.573164614375074,0.408,12.45853169150006,Other,1.4230881262380308,7.327954774503762,96.21443558817444,93.3792263320306,strong_success,1.0,0.14,0.16,1.0,0.5,1.5232330287807918,7.776493585499415,99.13127665528673,95.29346055380314,0.1001449025427609,0.4485388109956529,2.916841067112273,1.9142342217725312,0.8780513291606804,Neutral / Small Change,39.65760656187063,0.7788509888229258,85.93709691190612,87.5227565755037,29.691647453778696,68.50954145376288,Advance with Monitoring,39.65760656187063,0.7788509888229258,85.93709691190612,87.5227565755037,29.691647453778696,68.50954145376288,Advance with Monitoring,productivity,XBP1s_secretory_support,55.2307711762457,15.573164614375074,0.8,0.15,0.4,True,15.573164614375074,0.408,12.45853169150006,Other,39.65760656187063,0.7788509888229258,85.93709691190612,87.5227565755037,29.691647453778696,68.50954145376288,Advance with Monitoring,productivity,XBP1s_secretory_support,55.2307711762457,15.573164614375074,0.8,0.15,0.4,True,15.573164614375074,0.408,12.45853169150006,Other,1.4230881262380308,7.327954774503762,96.21443558817444,93.3792263320306,strong_success,1.0,0.14,0.16,1.0,0.5,1.5232330287807918,7.776493585499415,99.13127665528673,95.29346055380314,0.1001449025427609,0.4485388109956529,2.916841067112273,1.9142342217725312,0.8780513291606804,Neutral / Small Change,55.2307711762457,56.10882250540639,0.8780513291606837,0,1,9.686846150607513,10.87186494329722,97.15672109043915,76.32574439782007,61.11995150168889,100,84.76632027450563,59.03698202699638,Pareto-selected,DEVELOPMENT,Moderate candidate requiring engineering or process optimization,Engineering-Supported Fed-Batch,Engineer / Optimize
CLONE_2985,37.408394236212494,0.5415831695166421,84.3428719936895,84.07638191190844,18.858403835466035,64.01719122552647,Engineer,productivity,XBP1s_secretory_support,53.45684163523942,16.048447399026927,0.8,0.15,0.4,True,16.048447399026927,0.408,12.838757919221544,High Gain / Low Risk,1.470635083354198,7.554881862542896,91.29370083332968,89.41705492911719,strong_success,1.0,0.14,0.16,1.0,0.5,1.6247508770513852,8.265847428391494,91.50220761343304,88.8618414479429,0.1541157936971871,0.710965565848598,0.2085067801033489,-0.5552134811742917,0.1728290138189198,Neutral / Small Change,37.408394236212494,0.5415831695166421,84.3428719936895,84.07638191190844,18.858403835466035,64.01719122552647,Engineer,37.408394236212494,0.5415831695166421,84.3428719936895,84.07638191190844,18.858403835466035,64.01719122552647,Engineer,productivity,XBP1s_secretory_support,53.45684163523942,16.048447399026927,0.8,0.15,0.4,True,16.048447399026927,0.408,12.838757919221544,High Gain / Low Risk,37.408394236212494,0.5415831695166421,84.3428719936895,84.07638191190844,18.858403835466035,64.01719122552647,Engineer,productivity,XBP1s_secretory_support,53.45684163523942,16.048447399026927,0.8,0.15,0.4,True,16.048447399026927,0.408,12.838757919221544,High Gain / Low Risk,1.470635083354198,7.554881862542896,91.29370083332968,89.41705492911719,strong_success,1.0,0.14,0.16,1.0,0.5,1.6247508770513852,8.265847428391494,91.50220761343304,88.8618414479429,0.1541157936971871,0.710965565848598,0.2085067801033489,-0.5552134811742917,0.1728290138189198,Neutral / Small Change,53.45684163523942,53.62967064905834,0.1728290138189194,0,1,11.397601421684172,12.157517654363113,46.09763401207235,43.974205355469735,54.46091657933145,100,97.4400291948938,45.10890011564876,Pareto-selected,DEVELOPMENT,Moderate candidate requiring engineering or process optimization,Engineering-Supported Fed-Batch,Engineer / Optimize
CLONE_2723,36.58784564596918,7.876118997274227,73.24225850733987,84.23722962463773,20.136671640494168,69.21444077112446,Engineer,productivity,XBP1s_secretory_support,53.83924168266053,17.251396036691347,0.8,0.15,0.4,True,17.251396036691347,0.408,13.801116829353075,High Gain / Low Risk,1.9877304544501295,8.127944830966412,91.54097299061203,88.86161738311782,partial_success,0.5,0.14,0.16,1.0,0.5,2.1930664028857474,6.947294729583369,91.38909229054931,91.13651899064412,0.2053359484356178,-1.1806501013830424,-0.1518807000627191,2.274901607526317,0.0650527535210171,Neutral / Small Change,36.58784564596918,7.876118997274227,73.24225850733987,84.23722962463773,20.136671640494168,69.21444077112446,Engineer,36.58784564596918,7.876118997274227,73.24225850733987,84.23722962463773,20.136671640494168,69.21444077112446,Engineer,productivity,XBP1s_secretory_support,53.83924168266053,17.251396036691347,0.8,0.15,0.4,True,17.251396036691347,0.408,13.801116829353075,High Gain / Low Risk,36.58784564596918,7.876118997274227,73.24225850733987,84.23722962463773,20.136671640494168,69.21444077112446,Engineer,productivity,XBP1s_secretory_support,53.83924168266053,17.251396036691347,0.8,0.15,0.4,True,17.251396036691347,0.408,13.801116829353075,High Gain / Low Risk,1.9877304544501295,8.127944830966412,91.54097299061203,88.86161738311782,partial_success,0.5,0.14,0.16,1.0,0.5,2.1930664028857474,6.947294729583369,91.38909229054931,91.13651899064412,0.2053359484356178,-1.1806501013830424,-0.1518807000627191,2.274901607526317,0.0650527535210171,Neutral / Small Change,53.83924168266053,53.904294436181544,0.0650527535210159,0,1,20.974723061066562,8.693355930635176,45.340586842970495,55.41600844116621,53.44324333571463,100,99.37690062086628,48.16148103223571,Pareto-selected,DEVELOPMENT,Moderate candidate requiring engineering or process optimization,Engineering-Supported Fed-Batch,Engineer / Optimize
CLONE_3826,38.033421335417245,3.718850756284927,84.55868473297087,89.59682742685048,19.077136366064,65.41596809817591,Engineer,productivity,XBP1s_secretory_support,51.708813932746665,13.67539259732942,0.8,0.15,0.4,True,13.67539259732942,0.408,10.940314077863537,Other,1.3328666124804234,11.052592480243574,95.98408440326897,89.38205212864223,strong_success,1.0,0.14,0.16,1.0,0.5,1.2310092982044627,14.168190789595748,98.1370518890683,88.73260553423808,-0.1018573142759606,3.1155983093521744,2.152967485799337,-0.6494465944041536,0.030380694252415,Neutral / Small Change,38.033421335417245,3.718850756284927,84.55868473297087,89.59682742685048,19.077136366064,65.41596809817591,Engineer,38.033421335417245,3.718850756284927,84.55868473297087,89.59682742685048,19.077136366064,65.41596809817591,Engineer,productivity,XBP1s_secretory_support,51.708813932746665,13.67539259732942,0.8,0.15,0.4,True,13.67539259732942,0.408,10.940314077863537,Other,38.033421335417245,3.718850756284927,84.55868473297087,89.59682742685048,19.077136366064,65.41596809817591,Engineer,productivity,XBP1s_secretory_support,51.708813932746665,13.67539259732942,0.8,0.15,0.4,True,13.67539259732942,0.408,10.940314077863537,Other,1.3328666124804234,11.052592480243574,95.98408440326897,89.38205212864223,strong_success,1.0,0.14,0.16,1.0,0.5,1.2310092982044627,14.168190789595748,98.1370518890683,88.73260553423808,-0.1018573142759606,3.1155983093521744,2.152967485799337,-0.6494465944041536,0.030380694252415,Neutral / Small Change,51.708813932746665,51.73919462699908,0.0303806942524147,0,1,4.762359511720067,27.664423044390954,90.50267082096082,43.32413876429276,53.1158537332064,100,100.0,55.012875711159374,Pareto-selected,DEVELOPMENT,Moderate candidate requiring engineering or process optimization,Engineering-Supported Fed-Batch,Engineer / Optimize
CLONE_3007,38.97662864942185,0.0408174237186011,92.65342154035692,99.22494867529066,11.224678860092911,51.81611294793402,Engineer,productivity,XBP1s_secretory_support,54.3520535909399,15.375424941518055,0.8,0.15,0.4,True,15.375424941518055,0.408,12.300339953214444,Other,1.361468988875687,7.24289701475732,98.36298271592982,91.11073492136534,strong_success,1.0,0.14,0.16,1.0,0.5,1.4334905310201485,7.791544079927608,99.55610938041934,89.20795832717691,0.0720215421444614,0.5486470651702877,1.193126664489526,-1.902776594188424,-0.6720519061668605,Neutral / Small Change,38.97662864942185,0.0408174237186011,92.65342154035692,99.22494867529066,11.224678860092911,51.81611294793402,Engineer,38.97662864942185,0.0408174237186011,92.65342154035692,99.22494867529066,11.224678860092911,51.81611294793402,Engineer,productivity,XBP1s_secretory_support,54.3520535909399,15.375424941518055,0.8,0.15,0.4,True,15.375424941518055,0.408,12.300339953214444,Other,38.97662864942185,0.0408174237186011,92.65342154035692,99.22494867529066,11.224678860092911,51.81611294793402,Engineer,productivity,XBP1s_secretory_support,54.3520535909399,15.375424941518055,0.8,0.15,0.4,True,15.375424941518055,0.408,12.300339953214444,Other,1.361468988875687,7.24289701475732,98.36298271592982,91.11073492136534,strong_success,1.0,0.14,0.16,1.0,0.5,1.4334905310201485,7.791544079927608,99.55610938041934,89.20795832717691,0.0720215421444614,0.5486470651702877,1.193126664489526,-1.902776594188424,-0.6720519061668605,Neutral / Small Change,54.3520535909399,53.68000168477304,-0.6720519061668639,0,1,8.174526359565627,10.911406287961302,100.0,45.71519989315203,46.48316058802777,100,88.4683822597767,53.62405048386058,Pareto-selected,DEVELOPMENT,Moderate candidate requiring engineering or process optimization,Hold / Reassess,Engineer / Optimize
CLONE_1591,39.03313688234016,4.477601471727066,97.7253650728653,83.17502572557218,21.86211444081412,60.42232576645873,Engineer,productivity,XBP1s_secretory_support,52.083301217314094,13.050164334973935,0.8,0.15,0.4,True,13.050164334973935,0.408,10.44013146797915,Other,1.2926506154580952,10.081000409742252,93.43731401112156,98.85024195247564,strong_success,1.0,0.14,0.16,1.0,0.5,1.1228212073500607,12.134721927549364,95.51041718767468,100.0,-0.1698294081080344,2.053721517807112,2.0731031765531185,1.1497580475243725,-0.7206870481606359,Neutral / Small Change,39.03313688234016,4.477601471727066,97.7253650728653,83.17502572557218,21.86211444081412,60.42232576645873,Engineer,39.03313688234016,4.477601471727066,97.7253650728653,83.17502572557218,21.86211444081412,60.42232576645873,Engineer,productivity,XBP1s_secretory_support,52.083301217314094,13.050164334973935,0.8,0.15,0.4,True,13.050164334973935,0.408,10.44013146797915,Other,39.03313688234016,4.477601471727066,97.7253650728653,83.17502572557218,21.86211444081412,60.42232576645873,Engineer,productivity,XBP1s_secretory_support,52.083301217314094,13.050164334973935,0.8,0.15,0.4,True,13.050164334973935,0.408,10.44013146797915,Other,1.2926506154580952,10.081000409742252,93.43731401112156,98.85024195247564,strong_success,1.0,0.14,0.16,1.0,0.5,1.1228212073500607,12.134721927549364,95.51041718767468,100.0,-0.1698294081080344,2.053721517807112,2.0731031765531185,1.1497580475243725,-0.7206870481606359,Neutral / Small Change,52.083301217314094,51.36261416915346,-0.7206870481606344,0,1,2.9391988572157155,22.322001004937256,72.9233870045791,100.0,46.023925107322064,100,87.59434917897141,56.882644751728904,Pareto-selected,DEVELOPMENT,Moderate candidate requiring engineering or process optimization,Hold / Reassess,Engineer / Optimize
CLONE_1045,36.39676478792112,4.308824275696624,85.60261158814707,85.97182991114532,15.712736197633747,64.28856753268586,Engineer,productivity,XBP1s_secretory_support,51.69335156346233,15.296586775541208,0.8,0.15,0.4,True,15.296586775541208,0.408,12.237269420432966,Other,1.565014560727482,9.23480352506225,91.98386633318168,92.58013130176111,partial_success,0.5,0.14,0.16,1.0,0.5,1.5471816920092527,9.82401600883395,91.66979455839152,93.75040712781562,-0.0178328687182292,0.5892124837716999,-0.3140717747901504,1.1702758260545068,-0.9750844466667246,Neutral / Small Change,36.39676478792112,4.308824275696624,85.60261158814707,85.97182991114532,15.712736197633747,64.28856753268586,Engineer,36.39676478792112,4.308824275696624,85.60261158814707,85.97182991114532,15.712736197633747,64.28856753268586,Engineer,productivity,XBP1s_secretory_support,51.69335156346233,15.296586775541208,0.8,0.15,0.4,True,15.296586775541208,0.408,12.237269420432966,Other,36.39676478792112,4.308824275696624,85.60261158814707,85.97182991114532,15.712736197633747,64.28856753268586,Engineer,productivity,XBP1s_secretory_support,51.69335156346233,15.296586775541208,0.8,0.15,0.4,True,15.296586775541208,0.408,12.237269420432966,Other,1.565014560727482,9.23480352506225,91.98386633318168,92.58013130176111,partial_success,0.5,0.14,0.16,1.0,0.5,1.5471816920092527,9.82401600883395,91.66979455839152,93.75040712781562,-0.0178328687182292,0.5892124837716999,-0.3140717747901504,1.1702758260545068,-0.9750844466667246,Neutral / Small Change,51.69335156346233,50.7182671167956,-0.9750844466667274,0,1,10.09042347766161,16.251209139249095,47.21924352548593,68.56406692071599,43.62178733607476,100,83.02251628510203,46.84865517174195,Pareto-selected,DEVELOPMENT,Moderate candidate requiring engineering or process optimization,Hold / Reassess,Engineer / Optimize
CLONE_3546,36.07501202943109,0.0614510716758461,91.01265467237091,84.06217322483862,18.722093888674944,46.95945521132116,Engineer,productivity,XBP1s_secretory_support,54.22010185363747,18.14508982420638,0.8,0.15,0.4,False,1.5626984053187771,0.408,14.516071859365104,High Gain / Low Risk,1.7087087816095896,8.742455553953098,95.71599762785974,90.01034849327333,negative_tradeoff,-0.35,0.14,0.16,1.0,0.5,1.7818018442141144,8.755630401201557,97.89527647967554,87.1241236414315,0.0730930626045247,0.0131748472484591,2.179278851815809,-2.886224851841831,-0.984087090821232,Neutral / Small Change,36.07501202943109,0.0614510716758461,91.01265467237091,84.06217322483862,18.722093888674944,46.95945521132116,Engineer,36.07501202943109,0.0614510716758461,91.01265467237091,84.06217322483862,18.722093888674944,46.95945521132116,Engineer,productivity,XBP1s_secretory_support,54.22010185363747,18.14508982420638,0.8,0.15,0.4,False,1.5626984053187771,0.408,14.516071859365104,High Gain / Low Risk,36.07501202943109,0.0614510716758461,91.01265467237091,84.06217322483862,18.722093888674944,46.95945521132116,Engineer,productivity,XBP1s_secretory_support,54.22010185363747,18.14508982420638,0.8,0.15,0.4,False,1.5626984053187771,0.408,14.516071859365104,High Gain / Low Risk,1.7087087816095896,8.742455553953098,95.71599762785974,90.01034849327333,negative_tradeoff,-0.35,0.14,0.16,1.0,0.5,1.7818018442141144,8.755630401201557,97.89527647967554,87.1241236414315,0.0730930626045247,0.0131748472484591,2.179278851815809,-2.886224851841831,-0.984087090821232,Neutral / Small Change,54.22010185363747,53.23601476281624,-0.9840870908212338,0,1,14.044187952805057,13.444297795100745,88.88454000921067,35.23335106409584,43.536780210641744,100,82.8607277411976,50.52714371646657,Pareto-selected,DEVELOPMENT,Moderate candidate requiring engineering or process optimization,Hold / Reassess,Engineer / Optimize
CLONE_1502,38.351938273877906,0.038590956455226,90.11375279528076,79.62145340944788,27.157775393973083,56.74354879475438,Engineer,productivity,XBP1s_secretory_support,53.03589012283548,14.683951848957577,0.8,0.15,0.4,True,14.683951848957577,0.408,11.747161479166062,Other,1.2749235289424583,10.074348151057574,90.45030739428628,90.86670352375654,partial_success,0.5,0.14,0.16,1.0,0.5,1.1768262049839475,12.381460720206348,90.79592371830834,89.33089903606052,-0.098097323958511,2.3071125691487744,0.3456163240220604,-1.5358044876960264,-1.098058091097315,Neutral / Small Change,38.351938273877906,0.038590956455226,90.11375279528076,79.62145340944788,27.157775393973083,56.74354879475438,Engineer,38.351938273877906,0.038590956455226,90.11375279528076,79.62145340944788,27.157775393973083,56.74354879475438,Engineer,productivity,XBP1s_secretory_support,53.03589012283548,14.683951848957577,0.8,0.15,0.4,True,14.683951848957577,0.408,11.747161479166062,Other,38.351938273877906,0.038590956455226,90.11375279528076,79.62145340944788,27.157775393973083,56.74354879475438,Engineer,productivity,XBP1s_secretory_support,53.03589012283548,14.683951848957577,0.8,0.15,0.4,True,14.683951848957577,0.408,11.747161479166062,Other,1.2749235289424583,10.074348151057574,90.45030739428628,90.86670352375654,partial_success,0.5,0.14,0.16,1.0,0.5,1.1768262049839475,12.381460720206348,90.79592371830834,89.33089903606052,-0.098097323958511,2.3071125691487744,0.3456163240220604,-1.5358044876960264,-1.098058091097315,Neutral / Small Change,53.03589012283548,51.93783203173817,-1.0980580910973146,0,1,3.8492785716753115,22.970244402454693,41.37068624093803,46.33360111963607,42.46061337010912,100,80.81252924911709,41.766884052758904,Pareto-selected,REJECT,Low priority based on final SDL profile,Hold / Reassess,Reject
CLONE_1145,36.4493628184423,1.2117925410167203,72.28456781967898,91.65976397459272,20.27560240857222,66.80426479823677,Engineer,productivity,XBP1s_secretory_support,51.74808543860469,15.298722620162389,0.8,0.15,0.4,True,15.298722620162389,0.408,12.238978096129912,Other,1.4104299545711347,10.012825257913748,91.9999688262444,83.79301189959271,partial_success,0.5,0.14,0.16,1.0,0.5,1.3826853786117832,11.987582298477534,90.0769127131688,82.56813196108835,-0.0277445759593515,1.974757040563787,-1.9230561130756172,-1.2248799385043585,-1.224086396231534,Neutral / Small Change,36.4493628184423,1.2117925410167203,72.28456781967898,91.65976397459272,20.27560240857222,66.80426479823677,Engineer,36.4493628184423,1.2117925410167203,72.28456781967898,91.65976397459272,20.27560240857222,66.80426479823677,Engineer,productivity,XBP1s_secretory_support,51.74808543860469,15.298722620162389,0.8,0.15,0.4,True,15.298722620162389,0.408,12.238978096129912,Other,36.4493628184423,1.2117925410167203,72.28456781967898,91.65976397459272,20.27560240857222,66.80426479823677,Engineer,productivity,XBP1s_secretory_support,51.74808543860469,15.298722620162389,0.8,0.15,0.4,True,15.298722620162389,0.408,12.238978096129912,Other,1.4104299545711347,10.012825257913748,91.9999688262444,83.79301189959271,partial_success,0.5,0.14,0.16,1.0,0.5,1.3826853786117832,11.987582298477534,90.0769127131688,82.56813196108835,-0.0277445759593515,1.974757040563787,-1.9230561130756172,-1.2248799385043585,-1.224086396231534,Neutral / Small Change,51.74808543860469,50.523999042373156,-1.2240863962315345,0,1,7.318369695874396,21.93542906774058,36.558559712744476,12.31636230943761,41.27059588649108,100,78.54764621825765,35.89497879877538,Pareto-selected,REJECT,Low priority based on final SDL profile,Hold / Reassess,Reject
CLONE_2526,38.48366779432967,0.2596936242508691,80.62117658862171,84.94678667889718,27.089179691605676,68.4514136635278,Engineer,productivity,XBP1s_secretory_support,52.95800555366082,14.47433775933115,0.8,0.15,0.4,True,14.47433775933115,0.408,11.57947020746492,Other,1.2597769011289377,6.72925795914836,91.22025853044684,90.03460835482166,strong_success,1.0,0.14,0.16,1.0,0.5,1.227910447165024,6.760274571336993,91.12561822479628,91.11489399552208,-0.0318664539639135,0.0310166121886323,-0.0946403056505573,1.08028564070041,-1.3899103306356655,Neutral / Small Change,38.48366779432967,0.2596936242508691,80.62117658862171,84.94678667889718,27.089179691605676,68.4514136635278,Engineer,38.48366779432967,0.2596936242508691,80.62117658862171,84.94678667889718,27.089179691605676,68.4514136635278,Engineer,productivity,XBP1s_secretory_support,52.95800555366082,14.47433775933115,0.8,0.15,0.4,True,14.47433775933115,0.408,11.57947020746492,Other,38.48366779432967,0.2596936242508691,80.62117658862171,84.94678667889718,27.089179691605676,68.4514136635278,Engineer,productivity,XBP1s_secretory_support,52.95800555366082,14.47433775933115,0.8,0.15,0.4,True,14.47433775933115,0.408,11.57947020746492,Other,1.2597769011289377,6.72925795914836,91.22025853044684,90.03460835482166,strong_success,1.0,0.14,0.16,1.0,0.5,1.227910447165024,6.760274571336993,91.12561822479628,91.11489399552208,-0.0318664539639135,0.0310166121886323,-0.0946403056505573,1.08028564070041,-1.3899103306356655,Neutral / Small Change,52.95800555366082,51.56809522302515,-1.389910330635665,0,1,4.710138391588852,8.202008050229438,43.57723338629413,55.307233051568936,39.70480968526362,100,75.56758697884885,40.7111001872576,Pareto-selected,REJECT,Low priority based on final SDL profile,Hold / Reassess,Reject
CLONE_3269,39.71449448177784,3.635013515382711,88.24408909545937,87.79429461395057,26.77414261882441,66.74153417363561,Advance with Monitoring,productivity,XBP1s_secretory_support,57.29961456894977,17.58512008717193,0.8,0.15,0.4,True,17.58512008717193,0.408,14.068096069737544,High Gain / Low Risk,1.8173906866656269,7.72351590813305,94.07605709632472,89.72516134485389,neutral,0.05,0.14,0.16,1.0,0.5,1.9304461720994837,6.670781901219454,94.36172595359234,87.6971442884246,0.1130554854338568,-1.0527340069135969,0.2856688572676233,-2.0280170564292916,-1.5627835704677209,Neutral / Small Change,39.71449448177784,3.635013515382711,88.24408909545937,87.79429461395057,26.77414261882441,66.74153417363561,Advance with Monitoring,39.71449448177784,3.635013515382711,88.24408909545937,87.79429461395057,26.77414261882441,66.74153417363561,Advance with Monitoring,productivity,XBP1s_secretory_support,57.29961456894977,17.58512008717193,0.8,0.15,0.4,True,17.58512008717193,0.408,14.068096069737544,High Gain / Low Risk,39.71449448177784,3.635013515382711,88.24408909545937,87.79429461395057,26.77414261882441,66.74153417363561,Advance with Monitoring,productivity,XBP1s_secretory_support,57.29961456894977,17.58512008717193,0.8,0.15,0.4,True,17.58512008717193,0.408,14.068096069737544,High Gain / Low Risk,1.8173906866656269,7.72351590813305,94.07605709632472,89.72516134485389,neutral,0.05,0.14,0.16,1.0,0.5,1.9304461720994837,6.670781901219454,94.36172595359234,87.6971442884246,0.1130554854338568,-1.0527340069135969,0.2856688572676233,-2.0280170564292916,-1.5627835704677209,Neutral / Small Change,57.29961456894977,55.73683099848205,-1.5627835704677224,0,1,16.549107745507204,7.966888829999846,65.23553866746198,38.115689014796146,38.0724606853247,100,72.46084308533753,44.322646336379464,Pareto-selected,DEVELOPMENT,Moderate candidate requiring engineering or process optimization,Hold / Reassess,Engineer / Optimize
CLONE_2827,36.94011997976733,1.313676935607998,85.72325452205435,89.85101877814715,22.365906196841983,54.562154071687175,Engineer,productivity,XBP1s_secretory_support,53.66196515918706,16.72184517941973,0.8,0.15,0.4,True,16.72184517941973,0.408,13.377476143535786,High Gain / Low Risk,1.5934144942078663,8.049058666066925,94.6654976800557,91.9509517605332,failure,-0.1,0.14,0.16,1.0,0.5,1.5861208440069945,7.605564498416827,94.65708058832554,92.31134040648595,-0.0072936502008722,-0.4434941676500976,-0.008417091730152,0.3603886459527814,-1.6364528136413792,Neutral / Small Change,36.94011997976733,1.313676935607998,85.72325452205435,89.85101877814715,22.365906196841983,54.562154071687175,Engineer,36.94011997976733,1.313676935607998,85.72325452205435,89.85101877814715,22.365906196841983,54.562154071687175,Engineer,productivity,XBP1s_secretory_support,53.66196515918706,16.72184517941973,0.8,0.15,0.4,True,16.72184517941973,0.408,13.377476143535786,High Gain / Low Risk,36.94011997976733,1.313676935607998,85.72325452205435,89.85101877814715,22.365906196841983,54.562154071687175,Engineer,productivity,XBP1s_secretory_support,53.66196515918706,16.72184517941973,0.8,0.15,0.4,True,16.72184517941973,0.408,13.377476143535786,High Gain / Low Risk,1.5934144942078663,8.049058666066925,94.6654976800557,91.9509517605332,failure,-0.1,0.14,0.16,1.0,0.5,1.5861208440069945,7.605564498416827,94.65708058832554,92.31134040648595,-0.0072936502008722,-0.4434941676500976,-0.008417091730152,0.3603886459527814,-1.6364528136413792,Neutral / Small Change,53.66196515918706,52.025512345545685,-1.6364528136413767,0,1,10.746617050183263,10.422792258164122,67.21225927794652,61.32545057025087,37.37684165523303,100,71.13691653897503,47.20538750930901,Pareto-selected,DEVELOPMENT,Moderate candidate requiring engineering or process optimization,Hold / Reassess,Engineer / Optimize
CLONE_1719,37.14808712493222,0.8995774558454848,92.18441931629852,73.06057959154926,21.74014282252951,61.871973206801755,Engineer,productivity,XBP1s_secretory_support,52.559321675881854,15.411234550949636,0.8,0.15,0.4,True,15.411234550949636,0.408,12.32898764075971,Other,1.4088831916609783,7.329516310179975,88.35526079891787,91.59284868539318,partial_success,0.5,0.14,0.16,1.0,0.5,1.392288495809736,7.164133434830629,88.99944121451473,89.94939311480402,-0.0165946958512424,-0.165382875349346,0.644180415596864,-1.643455570589154,-1.8818060807676191,Neutral / Small Change,37.14808712493222,0.8995774558454848,92.18441931629852,73.06057959154926,21.74014282252951,61.871973206801755,Engineer,37.14808712493222,0.8995774558454848,92.18441931629852,73.06057959154926,21.74014282252951,61.871973206801755,Engineer,productivity,XBP1s_secretory_support,52.559321675881854,15.411234550949636,0.8,0.15,0.4,True,15.411234550949636,0.408,12.32898764075971,Other,37.14808712493222,0.8995774558454848,92.18441931629852,73.06057959154926,21.74014282252951,61.871973206801755,Engineer,productivity,XBP1s_secretory_support,52.559321675881854,15.411234550949636,0.8,0.15,0.4,True,15.411234550949636,0.408,12.32898764075971,Other,1.4088831916609783,7.329516310179975,88.35526079891787,91.59284868539318,partial_success,0.5,0.14,0.16,1.0,0.5,1.392288495809736,7.164133434830629,88.99944121451473,89.94939311480402,-0.0165946958512424,-0.165382875349346,0.644180415596864,-1.643455570589154,-1.8818060807676191,Neutral / Small Change,52.559321675881854,50.67751559511424,-1.8818060807676176,0,1,7.48019920314857,9.263044456258218,29.347363854846076,49.44467393141086,35.060102750968,100,66.72761776527233,36.35044242137332,Pareto-selected,REJECT,Low priority based on final SDL profile,Hold / Reassess,Reject
CLONE_3186,39.34445050796506,4.5141965919170985,88.06635810859984,84.35319585332488,24.51139228528717,63.35712906556814,Engineer,productivity,XBP1s_secretory_support,56.328375051097126,16.98392454313207,0.8,0.15,0.4,False,-0.4525342972791622,0.408,13.587139634505656,High Gain / Low Risk,1.7862003974873637,10.131779488550391,90.43722721847708,93.56993429969803,negative_tradeoff,-0.35,0.14,0.16,1.0,0.5,1.7390311305349964,10.034234263845786,88.5744868141373,94.2814822202626,-0.0471692669523671,-0.0975452247046071,-1.8627404043397744,0.7115479205645698,-2.1236793913855028,Negative Outcome,39.34445050796506,4.5141965919170985,88.06635810859984,84.35319585332488,24.51139228528717,63.35712906556814,Engineer,39.34445050796506,4.5141965919170985,88.06635810859984,84.35319585332488,24.51139228528717,63.35712906556814,Engineer,productivity,XBP1s_secretory_support,56.328375051097126,16.98392454313207,0.8,0.15,0.4,False,-0.4525342972791622,0.408,13.587139634505656,High Gain / Low Risk,39.34445050796506,4.5141965919170985,88.06635810859984,84.35319585332488,24.51139228528717,63.35712906556814,Engineer,productivity,XBP1s_secretory_support,56.328375051097126,16.98392454313207,0.8,0.15,0.4,False,-0.4525342972791622,0.408,13.587139634505656,High Gain / Low Risk,1.7862003974873637,10.131779488550391,90.43722721847708,93.56993429969803,negative_tradeoff,-0.35,0.14,0.16,1.0,0.5,1.7390311305349964,10.034234263845786,88.5744868141373,94.2814822202626,-0.0471692669523671,-0.0975452247046071,-1.8627404043397744,0.7115479205645698,-2.1236793913855028,Negative Outcome,56.328375051097126,54.204695659711625,-2.123679391385501,0,1,13.323425790084388,16.80350411638512,26.50327060910789,71.23541550416422,32.77622320383519,100,62.380858073052266,40.6868853506096,Pareto-selected,REJECT,Low priority based on final SDL profile,Hold / Reassess,Reject
CLONE_4843,37.25944308805849,0.8705629072372953,88.06352499048438,83.32385276446136,21.327689904530143,62.14322627836517,Engineer,productivity,XBP1s_secretory_support,50.90994671563158,13.650503627573087,0.8,0.15,0.4,True,13.650503627573087,0.408,10.92040290205847,Other,1.1873410988085005,10.229670384560652,88.73603415423108,92.12380644561549,partial_success,0.5,0.14,0.16,1.0,0.5,0.980162303537766,12.46532818927852,86.74076173203291,92.17665090782452,-0.2071787952707344,2.235657804717869,-1.9952724221981697,0.0528444622090376,-2.201642669332437,Negative Outcome,37.25944308805849,0.8705629072372953,88.06352499048438,83.32385276446136,21.327689904530143,62.14322627836517,Engineer,37.25944308805849,0.8705629072372953,88.06352499048438,83.32385276446136,21.327689904530143,62.14322627836517,Engineer,productivity,XBP1s_secretory_support,50.90994671563158,13.650503627573087,0.8,0.15,0.4,True,13.650503627573087,0.408,10.92040290205847,Other,37.25944308805849,0.8705629072372953,88.06352499048438,83.32385276446136,21.327689904530143,62.14322627836517,Engineer,productivity,XBP1s_secretory_support,50.90994671563158,13.650503627573087,0.8,0.15,0.4,True,13.650503627573087,0.408,10.92040290205847,Other,1.1873410988085005,10.229670384560652,88.73603415423108,92.12380644561549,partial_success,0.5,0.14,0.16,1.0,0.5,0.980162303537766,12.46532818927852,86.74076173203291,92.17665090782452,-0.2071787952707344,2.235657804717869,-1.9952724221981697,0.0528444622090376,-2.201642669332437,Negative Outcome,50.90994671563158,48.70830404629914,-2.201642669332436,0,1,0.5351440449783653,23.19058483821306,14.23069473762199,60.647952027066076,32.040057913520315,100,60.97976246152171,34.83093032381615,Pareto-selected,REJECT,Low priority based on final SDL profile,Hold / Reassess,Reject
CLONE_4629,39.418285469309765,0.2165905018445139,91.24933375223004,84.59981293066927,27.003494863331913,65.47819551806491,Advance with Monitoring,productivity,XBP1s_secretory_support,54.98682596216925,15.568540492859483,0.8,0.15,0.4,False,-0.6222121244838194,0.408,12.454832394287587,Other,1.3943970866996616,10.183553413028076,91.11138847710704,94.82858624131016,negative_tradeoff,-0.35,0.14,0.16,1.0,0.5,1.2266508918471783,11.15313177086825,89.68398314969656,95.48148579034032,-0.1677461948524832,0.9695783578401738,-1.4274053274104688,0.6528995490301668,-2.353848988710837,Negative Outcome,39.418285469309765,0.2165905018445139,91.24933375223004,84.59981293066927,27.003494863331913,65.47819551806491,Advance with Monitoring,39.418285469309765,0.2165905018445139,91.24933375223004,84.59981293066927,27.003494863331913,65.47819551806491,Advance with Monitoring,productivity,XBP1s_secretory_support,54.98682596216925,15.568540492859483,0.8,0.15,0.4,False,-0.6222121244838194,0.408,12.454832394287587,Other,39.418285469309765,0.2165905018445139,91.24933375223004,84.59981293066927,27.003494863331913,65.47819551806491,Advance with Monitoring,productivity,XBP1s_secretory_support,54.98682596216925,15.568540492859483,0.8,0.15,0.4,False,-0.6222121244838194,0.408,12.454832394287587,Other,1.3943970866996616,10.183553413028076,91.11138847710704,94.82858624131016,negative_tradeoff,-0.35,0.14,0.16,1.0,0.5,1.2266508918471783,11.15313177086825,89.68398314969656,95.48148579034032,-0.1677461948524832,0.9695783578401738,-1.4274053274104688,0.6528995490301668,-2.353848988710837,Negative Outcome,54.98682596216925,52.63297697345841,-2.353848988710837,0,1,4.68891265704143,19.743122623939268,33.92879916307211,77.27152580692699,30.602855524862104,100,58.24442844601958,41.16046802574081,Pareto-selected,REJECT,Low priority based on final SDL profile,Hold / Reassess,Reject
CLONE_1633,40.895250639742024,0.3936822911513712,93.34381096572774,84.79198058803428,30.25737138206338,64.6809601461301,Advance with Monitoring,productivity,XBP1s_secretory_support,58.93012009804784,18.03486945830582,0.8,0.15,0.4,False,2.789276536140751,0.408,14.427895566644658,High Gain / Low Risk,1.7115427968457957,7.523770941989861,88.24581479425125,94.80749529027288,negative_tradeoff,-0.35,0.14,0.16,1.0,0.5,1.7734622030451273,6.616927256615542,84.61446142234992,94.78481630377333,0.0619194061993315,-0.9068436853743194,-3.6313533719013265,-0.0226789864995708,-2.362259051230163,Negative Outcome,40.895250639742024,0.3936822911513712,93.34381096572774,84.79198058803428,30.25737138206338,64.6809601461301,Advance with Monitoring,40.895250639742024,0.3936822911513712,93.34381096572774,84.79198058803428,30.25737138206338,64.6809601461301,Advance with Monitoring,productivity,XBP1s_secretory_support,58.93012009804784,18.03486945830582,0.8,0.15,0.4,False,2.789276536140751,0.408,14.427895566644658,High Gain / Low Risk,40.895250639742024,0.3936822911513712,93.34381096572774,84.79198058803428,30.25737138206338,64.6809601461301,Advance with Monitoring,productivity,XBP1s_secretory_support,58.93012009804784,18.03486945830582,0.8,0.15,0.4,False,2.789276536140751,0.408,14.427895566644658,High Gain / Low Risk,1.7115427968457957,7.523770941989861,88.24581479425125,94.80749529027288,negative_tradeoff,-0.35,0.14,0.16,1.0,0.5,1.7734622030451273,6.616927256615542,84.61446142234992,94.78481630377333,0.0619194061993315,-0.9068436853743194,-3.6313533719013265,-0.0226789864995708,-2.362259051230163,Negative Outcome,58.93012009804784,56.56786104681768,-2.3622590512301613,0,1,13.903650250994199,7.825399454072376,0.0,73.7672246778769,30.523443829008063,100,58.09328932002563,33.8812969848946,Pareto-selected,REJECT,Low priority based on final SDL profile,Hold / Reassess,Reject
CLONE_0908,36.737344513999176,1.3417414514806143,78.87147563894749,87.61156763716484,15.708050446681082,68.19376433227207,Engineer,productivity,XBP1s_secretory_support,50.93535735915457,14.198012845155397,0.8,0.15,0.4,True,14.198012845155397,0.408,11.358410276124316,Other,1.279338678218455,6.216687316461741,93.30262261540756,86.28717129989033,strong_success,1.0,0.14,0.16,1.0,0.5,1.2224903536325953,5.523879733162499,94.01029280037125,85.10803494853963,-0.0568483245858597,-0.692807583299242,0.707670184963689,-1.1791363513507065,-2.388337688263178,Negative Outcome,36.737344513999176,1.3417414514806143,78.87147563894749,87.61156763716484,15.708050446681082,68.19376433227207,Engineer,36.737344513999176,1.3417414514806143,78.87147563894749,87.61156763716484,15.708050446681082,68.19376433227207,Engineer,productivity,XBP1s_secretory_support,50.93535735915457,14.198012845155397,0.8,0.15,0.4,True,14.198012845155397,0.408,11.358410276124316,Other,36.737344513999176,1.3417414514806143,78.87147563894749,87.61156763716484,15.708050446681082,68.19376433227207,Engineer,productivity,XBP1s_secretory_support,50.93535735915457,14.198012845155397,0.8,0.15,0.4,True,14.198012845155397,0.408,11.358410276124316,Other,1.279338678218455,6.216687316461741,93.30262261540756,86.28717129989033,strong_success,1.0,0.14,0.16,1.0,0.5,1.2224903536325953,5.523879733162499,94.01029280037125,85.10803494853963,-0.0568483245858597,-0.692807583299242,0.707670184963689,-1.1791363513507065,-2.388337688263178,Negative Outcome,50.93535735915457,48.547019670891395,-2.388337688263178,0,1,4.61880023048426,4.953695201080168,62.88350123352352,25.092269792429256,30.277197289509136,100,57.62462426560696,36.79753719733958,Pareto-selected,REJECT,Low priority based on final SDL profile,Hold / Reassess,Reject
CLONE_3249,40.267179404649525,3.014993727680349,89.33157248727417,88.18081788881472,23.48359876287283,67.73777252969093,Advance with Monitoring,productivity,XBP1s_secretory_support,55.82823063277962,15.561051228130095,0.8,0.15,0.4,True,15.561051228130095,0.408,12.448840982504075,Other,1.533381089900279,6.007754012122857,93.06936702207456,92.44983690524464,partial_success,0.5,0.14,0.16,1.0,0.5,1.539922674101757,4.243556454486992,92.93985919031827,92.3477692506868,0.0065415842014779,-1.7641975576358648,-0.1295078317562712,-0.1020676545578567,-2.4640797325482273,Negative Outcome,40.267179404649525,3.014993727680349,89.33157248727417,88.18081788881472,23.48359876287283,67.73777252969093,Advance with Monitoring,40.267179404649525,3.014993727680349,89.33157248727417,88.18081788881472,23.48359876287283,67.73777252969093,Advance with Monitoring,productivity,XBP1s_secretory_support,55.82823063277962,15.561051228130095,0.8,0.15,0.4,True,15.561051228130095,0.408,12.448840982504075,Other,40.267179404649525,3.014993727680349,89.33157248727417,88.18081788881472,23.48359876287283,67.73777252969093,Advance with Monitoring,productivity,XBP1s_secretory_support,55.82823063277962,15.561051228130095,0.8,0.15,0.4,True,15.561051228130095,0.408,12.448840982504075,Other,1.533381089900279,6.007754012122857,93.06936702207456,92.44983690524464,partial_success,0.5,0.14,0.16,1.0,0.5,1.539922674101757,4.243556454486992,92.93985919031827,92.3477692506868,0.0065415842014779,-1.7641975576358648,-0.1295078317562712,-0.1020676545578567,-2.4640797325482273,Negative Outcome,55.82823063277962,53.364150900231394,-2.464079732548228,0,1,9.968096188818892,1.5899715516616166,55.71940786807334,61.50869045993237,29.56200591366553,100,56.26344694404323,41.18484539888842,Pareto-selected,REJECT,Low priority based on final SDL profile,Hold / Reassess,Reject
CLONE_1361,36.02827769958798,2.555323589212211,67.51367502418574,91.7055816341954,20.923457300764316,64.18217125683037,Engineer,productivity,XBP1s_secretory_support,50.086590399645935,14.058312700057954,0.8,0.15,0.4,False,-2.820690215311122,0.408,11.246650160046364,Other,1.322555266967855,11.893776681479846,95.19727664665794,83.72501122722262,negative_tradeoff,-0.35,0.14,0.16,1.0,0.5,1.0076298301908704,13.48125804194927,94.80914336590573,83.52696201502108,-0.3149254367769847,1.5874813604694236,-0.3881332807522284,-0.1980492122015391,-3.113460301172666,Negative Outcome,36.02827769958798,2.555323589212211,67.51367502418574,91.7055816341954,20.923457300764316,64.18217125683037,Engineer,36.02827769958798,2.555323589212211,67.51367502418574,91.7055816341954,20.923457300764316,64.18217125683037,Engineer,productivity,XBP1s_secretory_support,50.086590399645935,14.058312700057954,0.8,0.15,0.4,False,-2.820690215311122,0.408,11.246650160046364,Other,36.02827769958798,2.555323589212211,67.51367502418574,91.7055816341954,20.923457300764316,64.18217125683037,Engineer,productivity,XBP1s_secretory_support,50.086590399645935,14.058312700057954,0.8,0.15,0.4,False,-2.820690215311122,0.408,11.246650160046364,Other,1.322555266967855,11.893776681479846,95.19727664665794,83.72501122722262,negative_tradeoff,-0.35,0.14,0.16,1.0,0.5,1.0076298301908704,13.48125804194927,94.80914336590573,83.52696201502108,-0.3149254367769847,1.5874813604694236,-0.3881332807522284,-0.1980492122015391,-3.113460301172666,Negative Outcome,50.086590399645935,46.97313009847327,-3.113460301172666,0,1,0.9980204436189828,25.85968203303569,68.22997016236111,17.139351266684727,23.430254563348615,100,44.593282619600615,37.097806834449,Pareto-selected,REJECT,Low priority based on final SDL profile,Hold / Reassess,Reject
CLONE_3239,36.10860744594343,1.6349002649406614,84.59127527318226,88.31591740089144,24.3923129322626,54.96691083484655,Engineer,productivity,XBP1s_secretory_support,50.49318558803163,14.384578142088202,0.8,0.15,0.4,False,2.7826026858416326,0.408,11.507662513670562,Other,1.317317281008058,7.232928575570764,94.36815032596782,93.1426211233014,negative_tradeoff,-0.35,0.14,0.16,1.0,0.5,1.0352986206829469,5.827656764841046,94.32422661118964,94.62833525472506,-0.2820186603251111,-1.405271810729718,-0.0439237147781881,1.4857141314236486,-4.138864764877355,Negative Outcome,36.10860744594343,1.6349002649406614,84.59127527318226,88.31591740089144,24.3923129322626,54.96691083484655,Engineer,36.10860744594343,1.6349002649406614,84.59127527318226,88.31591740089144,24.3923129322626,54.96691083484655,Engineer,productivity,XBP1s_secretory_support,50.49318558803163,14.384578142088202,0.8,0.15,0.4,False,2.7826026858416326,0.408,11.507662513670562,Other,36.10860744594343,1.6349002649406614,84.59127527318226,88.31591740089144,24.3923129322626,54.96691083484655,Engineer,productivity,XBP1s_secretory_support,50.49318558803163,14.384578142088202,0.8,0.15,0.4,False,2.7826026858416326,0.408,11.507662513670562,Other,1.317317281008058,7.232928575570764,94.36815032596782,93.1426211233014,negative_tradeoff,-0.35,0.14,0.16,1.0,0.5,1.0352986206829469,5.827656764841046,94.32422661118964,94.62833525472506,-0.2820186603251111,-1.405271810729718,-0.0439237147781881,1.4857141314236486,-4.138864764877355,Negative Outcome,50.49318558803163,46.354320823154275,-4.138864764877354,0,1,1.4642884938682998,5.751792058824075,64.98456673646794,72.98011295929577,13.747911868277098,100,26.165508262571095,39.09089881187005,Pareto-selected,REJECT,Low priority based on final SDL profile,Hold / Reassess,Reject
CLONE_0678,39.31345987794156,3.0109172040157848,83.64366415996052,89.21705087401998,26.533721180332805,65.36074686246188,Engineer,productivity,XBP1s_secretory_support,51.986899388625964,12.673439510684403,0.8,0.15,0.4,True,12.673439510684403,0.408,10.138751608547524,Other,1.1722257990363398,5.437413194559583,92.89896524495852,88.31156403759394,strong_success,1.0,0.14,0.16,1.0,0.5,0.9484063458742044,3.638370713269497,92.84632967958171,87.14748285540183,-0.2238194531621353,-1.799042481290086,-0.0526355653768035,-1.1640811821921062,-4.574160300963362,Negative Outcome,39.31345987794156,3.0109172040157848,83.64366415996052,89.21705087401998,26.533721180332805,65.36074686246188,Engineer,39.31345987794156,3.0109172040157848,83.64366415996052,89.21705087401998,26.533721180332805,65.36074686246188,Engineer,productivity,XBP1s_secretory_support,51.986899388625964,12.673439510684403,0.8,0.15,0.4,True,12.673439510684403,0.408,10.138751608547524,Other,39.31345987794156,3.0109172040157848,83.64366415996052,89.21705087401998,26.533721180332805,65.36074686246188,Engineer,productivity,XBP1s_secretory_support,51.986899388625964,12.673439510684403,0.8,0.15,0.4,True,12.673439510684403,0.408,10.138751608547524,Other,1.1722257990363398,5.437413194559583,92.89896524495852,88.31156403759394,strong_success,1.0,0.14,0.16,1.0,0.5,0.9484063458742044,3.638370713269497,92.84632967958171,87.14748285540183,-0.2238194531621353,-1.799042481290086,-0.0526355653768035,-1.1640811821921062,-4.574160300963362,Negative Outcome,51.986899388625964,47.4127390876626,-4.574160300963364,0,1,0.0,0.0,55.093442706807124,35.35084970795543,9.637650304959593,100,18.34271423197542,29.119352451248243,Pareto-selected,REJECT,Low priority based on final SDL profile,Hold / Reassess,Reject
CLONE_4878,51.05508444227361,79.67901521320374,66.38130750142959,69.20424037211697,11.83380821687394,63.761371957845505,Advance,omics,PDI_folding_support,65.77855583993124,14.723471397657631,0.75,0.2,0.45,False,-3.6980051308364152,0.33,11.042603548243225,Other,5.4493846853673915,29.577944620465644,89.42689865303245,82.73125731906809,negative_tradeoff,-0.35,0.06,0.06,1.0,6.0,5.274598438628235,25.83983492989341,91.02386413675346,80.11958844541884,-0.1747862467391563,-3.7381096905722337,1.5969654837210072,-2.6116688736492506,-5.594831635738652,Negative Outcome,51.05508444227361,79.67901521320374,66.38130750142959,69.20424037211697,11.83380821687394,63.761371957845505,Advance,51.05508444227361,79.67901521320374,66.38130750142959,69.20424037211697,11.83380821687394,63.761371957845505,Advance,omics,PDI_folding_support,65.77855583993124,14.723471397657631,0.75,0.2,0.45,False,-3.6980051308364152,0.33,11.042603548243225,Other,51.05508444227361,79.67901521320374,66.38130750142959,69.20424037211697,11.83380821687394,63.761371957845505,Advance,omics,PDI_folding_support,65.77855583993124,14.723471397657631,0.75,0.2,0.45,False,-3.6980051308364152,0.33,11.042603548243225,Other,5.4493846853673915,29.577944620465644,89.42689865303245,82.73125731906809,negative_tradeoff,-0.35,0.06,0.06,1.0,6.0,5.274598438628235,25.83983492989341,91.02386413675346,80.11958844541884,-0.1747862467391563,-3.7381096905722337,1.5969654837210072,-2.6116688736492506,-5.594831635738652,Negative Outcome,65.77855583993124,60.18372420419259,-5.59483163573865,0,1,72.9039873524681,58.328698291289015,42.89622357848461,0.0,0.0,100,0.0,41.909346929883895,Pareto-selected,REJECT,Low priority based on final SDL profile,Hold / Reassess,Reject
